candidate_max_abs,candidate_mode,candidate_nonfinite,candidate_rms,elements,head_dim,iters,kv_len,kv_size,mask_mode,mask_size,max_abs_error,max_rel_error,mode,mode_flags,n_heads,n_kv_heads,print_events,profile_max_events,profile_max_records,profile_size,q_size,qo_len,reference_max_abs,reference_mode,reference_nonfinite,reference_rms,relative_l2,ret,rmse,scna_function,scna_kernel,scna_width,warmup
0.00740814,baseline,0,0.00183057,6144,128,1,4093,2095616,causal,32768,0.00621134,1378.79,baseline,64,12,2,0,3224,10,233856,24576,4,0.0015175,host-fp32,0,0.00071093,1.92829,0,0.00137088,exp2,direct,0,1
0.00736237,baseline,0,0.00180588,6144,128,1,4093,2095616,full,32768,0.00611544,1257.84,baseline,64,12,2,0,3224,10,233856,24576,4,0.00148103,host-fp32,0,0.000691119,1.97335,0,0.00136382,exp2,direct,0,1
0.00219727,baseline,0,0.000768317,3072,64,1,4096,1048576,full,32768,0.00148368,605.174,baseline,64,12,2,0,3224,10,233856,12288,4,0.000907659,host-fp32,0,0.000342623,1.4927,0,0.000511433,exp2,direct,0,1
0.00746918,baseline,0,0.00185449,6144,128,1,4093,2095616,padding,32768,0.00620718,1195.53,baseline,64,12,2,0,3224,10,233856,24576,4,0.0015175,host-fp32,0,0.000729387,1.88925,0,0.00137799,exp2,direct,0,1
0.00289154,scna-fp16,0,0.00138793,6144,128,1,4093,2095616,causal,32768,0.00139591,57.1887,scna-fp16,68,12,2,0,3224,10,233856,24576,4,0.0015175,host-fp32,0,0.00071093,0.953199,0,0.000677658,exp2,direct,16,1
0.00279999,scna-fp16,0,0.00134905,6144,128,1,4093,2095616,full,32768,0.00132035,61.8002,scna-fp16,68,12,2,0,3224,10,233856,24576,4,0.00148103,host-fp32,0,0.000691119,0.952948,0,0.000658601,exp2,direct,16,1
0.00169945,scna-fp16,0,0.000665744,3072,64,1,4096,1048576,full,32768,0.000802673,64.0301,scna-fp16,68,12,2,0,3224,10,233856,12288,4,0.000907659,host-fp32,0,0.000342623,0.948197,0,0.000324875,exp2,direct,16,1
0.00289154,scna-fp16,0,0.00142485,6144,128,1,4093,2095616,padding,32768,0.00140483,65.5706,scna-fp16,68,12,2,0,3224,10,233856,24576,4,0.0015175,host-fp32,0,0.000729387,0.954374,0,0.000696108,exp2,direct,16,1
0.00295639,scna-fp16,0,0.00139776,6144,128,1,4093,2095616,causal,32768,0.00148365,49.6289,scna-fp16,100,12,2,0,3224,10,233856,24576,4,0.0015175,host-fp32,0,0.00071093,0.966736,0,0.000687282,exp2,direct,32,1
0.0028801,scna-fp16,0,0.00135786,6144,128,1,4093,2095616,full,32768,0.0014161,54.3929,scna-fp16,100,12,2,0,3224,10,233856,24576,4,0.00148103,host-fp32,0,0.000691119,0.965386,0,0.000667197,exp2,direct,32,1
0.00176048,scna-fp16,0,0.000675524,3072,64,1,4096,1048576,full,32768,0.000852824,37.4833,scna-fp16,100,12,2,0,3224,10,233856,12288,4,0.000907659,host-fp32,0,0.000342623,0.972704,0,0.000333271,exp2,direct,32,1
0.00294876,scna-fp16,0,0.00143427,6144,128,1,4093,2095616,padding,32768,0.00149202,50.0891,scna-fp16,100,12,2,0,3224,10,233856,24576,4,0.0015175,host-fp32,0,0.000729387,0.967009,0,0.000705324,exp2,direct,32,1
0.00283051,scna-fp16,0,0.00138398,6144,128,1,4093,2095616,causal,32768,0.00133558,98.4566,scna-fp16,84,12,2,0,3224,10,233856,24576,4,0.0015175,host-fp32,0,0.00071093,0.95007,0,0.000675434,exp2,direct,8,1
0.00269699,scna-fp16,0,0.00134523,6144,128,1,4093,2095616,full,32768,0.00125611,111.214,scna-fp16,84,12,2,0,3224,10,233856,24576,4,0.00148103,host-fp32,0,0.000691119,0.949962,0,0.000656537,exp2,direct,8,1
0.00160027,scna-fp16,0,0.00065623,3072,64,1,4096,1048576,full,32768,0.00070788,80.4387,scna-fp16,84,12,2,0,3224,10,233856,12288,4,0.000907659,host-fp32,0,0.000342623,0.926074,0,0.000317295,exp2,direct,8,1
0.00283051,scna-fp16,0,0.00142007,6144,128,1,4093,2095616,padding,32768,0.00133944,116.689,scna-fp16,84,12,2,0,3224,10,233856,24576,4,0.0015175,host-fp32,0,0.000729387,0.950099,0,0.00069299,exp2,direct,8,1
0.00291443,scna-fp16,0,0.00139261,6144,128,1,4093,2095616,causal,32768,0.00141153,48.4463,scna-fp16,1092,12,2,0,3224,10,233856,24576,4,0.0015175,host-fp32,0,0.00071093,0.959733,0,0.000682304,exp2,tree,16,1
0.00283051,scna-fp16,0,0.00135249,6144,128,1,4093,2095616,full,32768,0.00137032,60.6692,scna-fp16,1092,12,2,0,3224,10,233856,24576,4,0.00148103,host-fp32,0,0.000691119,0.957868,0,0.000662001,exp2,tree,16,1
0.001688,scna-fp16,0,0.000665577,3072,64,1,4096,1048576,full,32768,0.000781693,64.6031,scna-fp16,1092,12,2,0,3224,10,233856,12288,4,0.000907659,host-fp32,0,0.000342623,0.94769,0,0.000324701,exp2,tree,16,1
0.00291061,scna-fp16,0,0.0014294,6144,128,1,4093,2095616,padding,32768,0.00140667,68.4605,scna-fp16,1092,12,2,0,3224,10,233856,24576,4,0.0015175,host-fp32,0,0.000729387,0.960557,0,0.000700617,exp2,tree,16,1
0.00296783,scna-fp16,0,0.00139893,6144,128,1,4093,2095616,causal,32768,0.00146494,53.6636,scna-fp16,1124,12,2,0,3224,10,233856,24576,4,0.0015175,host-fp32,0,0.00071093,0.968334,0,0.000688418,exp2,tree,32,1
0.00288773,scna-fp16,0,0.00135957,6144,128,1,4093,2095616,full,32768,0.00142754,53.6636,scna-fp16,1124,12,2,0,3224,10,233856,24576,4,0.00148103,host-fp32,0,0.000691119,0.967824,0,0.000668881,exp2,tree,32,1
0.00177574,scna-fp16,0,0.000675995,3072,64,1,4096,1048576,full,32768,0.000868083,32.2313,scna-fp16,1124,12,2,0,3224,10,233856,12288,4,0.000907659,host-fp32,0,0.000342623,0.97408,0,0.000333743,exp2,tree,32,1
0.00294495,scna-fp16,0,0.00143614,6144,128,1,4093,2095616,padding,32768,0.00146771,45.3806,scna-fp16,1124,12,2,0,3224,10,233856,24576,4,0.0015175,host-fp32,0,0.000729387,0.969537,0,0.000707168,exp2,tree,32,1
0.00282288,scna-fp16,0,0.00138283,6144,128,1,4093,2095616,causal,32768,0.00132795,97.1405,scna-fp16,1108,12,2,0,3224,10,233856,24576,4,0.0015175,host-fp32,0,0.00071093,0.948391,0,0.00067424,exp2,tree,8,1
0.00268555,scna-fp16,0,0.00134418,6144,128,1,4093,2095616,full,32768,0.00124634,115.148,scna-fp16,1108,12,2,0,3224,10,233856,24576,4,0.00148103,host-fp32,0,0.000691119,0.948366,0,0.000655434,exp2,tree,8,1
0.00160217,scna-fp16,0,0.000656952,3072,64,1,4096,1048576,full,32768,0.000713028,80.8317,scna-fp16,1108,12,2,0,3224,10,233856,12288,4,0.000907659,host-fp32,0,0.000342623,0.928109,0,0.000317992,exp2,tree,8,1
0.00282288,scna-fp16,0,0.00141922,6144,128,1,4093,2095616,padding,32768,0.00133795,120.146,scna-fp16,1108,12,2,0,3224,10,233856,24576,4,0.0015175,host-fp32,0,0.000729387,0.948889,0,0.000692107,exp2,tree,8,1
0.00337601,scna-int8,0,0.00143635,6144,128,1,4093,2095616,causal,32768,0.00205993,550.423,scna-int8,72,12,2,0,3224,10,233856,24576,4,0.0015175,host-fp32,0,0.00071093,1.08009,0,0.000767872,exp2,direct,16,1
0.00326157,scna-int8,0,0.00139525,6144,128,1,4093,2095616,full,32768,0.00198893,641.593,scna-int8,72,12,2,0,3224,10,233856,24576,4,0.00148103,host-fp32,0,0.000691119,1.08188,0,0.000747711,exp2,direct,16,1
0.00170517,scna-int8,0,0.000670432,3072,64,1,4096,1048576,full,32768,0.000871128,179.813,scna-int8,72,12,2,0,3224,10,233856,12288,4,0.000907659,host-fp32,0,0.000342623,0.976742,0,0.000334655,exp2,direct,16,1
0.00354385,scna-int8,0,0.00147291,6144,128,1,4093,2095616,padding,32768,0.00214134,347.652,scna-int8,72,12,2,0,3224,10,233856,24576,4,0.0015175,host-fp32,0,0.000729387,1.07627,0,0.000785019,exp2,direct,16,1
0.00361633,scna-int8,0,0.00148701,6144,128,1,4093,2095616,causal,32768,0.00230026,687.254,scna-int8,104,12,2,0,3224,10,233856,24576,4,0.0015175,host-fp32,0,0.00071093,1.17231,0,0.000833431,exp2,direct,32,1
0.00352478,scna-int8,0,0.00144546,6144,128,1,4093,2095616,full,32768,0.00225214,839.957,scna-int8,104,12,2,0,3224,10,233856,24576,4,0.00148103,host-fp32,0,0.000691119,1.17645,0,0.000813069,exp2,direct,32,1
0.0018158,scna-int8,0,0.000691903,3072,64,1,4096,1048576,full,32768,0.00097031,203.655,scna-int8,104,12,2,0,3224,10,233856,12288,4,0.000907659,host-fp32,0,0.000342623,1.0415,0,0.000356843,exp2,direct,32,1
0.00379562,scna-int8,0,0.00152402,6144,128,1,4093,2095616,padding,32768,0.00239311,467.442,scna-int8,104,12,2,0,3224,10,233856,24576,4,0.0015175,host-fp32,0,0.000729387,1.16634,0,0.000850713,exp2,direct,32,1
0.00312805,scna-int8,0,0.00140624,6144,128,1,4093,2095616,causal,32768,0.00177001,357.875,scna-int8,88,12,2,0,3224,10,233856,24576,4,0.0015175,host-fp32,0,0.00071093,1.00893,0,0.000717279,exp2,direct,8,1
0.00299835,scna-int8,0,0.00136571,6144,128,1,4093,2095616,full,32768,0.00172572,358.351,scna-int8,88,12,2,0,3224,10,233856,24576,4,0.00148103,host-fp32,0,0.000691119,1.0088,0,0.000697202,exp2,direct,8,1
0.0016079,scna-int8,0,0.000660066,3072,64,1,4096,1048576,full,32768,0.000803303,115.706,scna-int8,88,12,2,0,3224,10,233856,12288,4,0.000907659,host-fp32,0,0.000342623,0.942777,0,0.000323018,exp2,direct,8,1
0.00325394,scna-int8,0,0.00144338,6144,128,1,4093,2095616,padding,32768,0.00185142,271.282,scna-int8,88,12,2,0,3224,10,233856,24576,4,0.0015175,host-fp32,0,0.000729387,1.00829,0,0.000735433,exp2,direct,8,1
0.00337601,scna-int8,0,0.00143635,6144,128,1,4093,2095616,causal,32768,0.00205993,550.423,scna-int8,1096,12,2,0,3224,10,233856,24576,4,0.0015175,host-fp32,0,0.00071093,1.08009,0,0.000767872,exp2,tree,16,1
0.00326157,scna-int8,0,0.00139525,6144,128,1,4093,2095616,full,32768,0.00198893,641.593,scna-int8,1096,12,2,0,3224,10,233856,24576,4,0.00148103,host-fp32,0,0.000691119,1.08188,0,0.000747711,exp2,tree,16,1
0.00170517,scna-int8,0,0.000670432,3072,64,1,4096,1048576,full,32768,0.000871128,179.813,scna-int8,1096,12,2,0,3224,10,233856,12288,4,0.000907659,host-fp32,0,0.000342623,0.976742,0,0.000334655,exp2,tree,16,1
0.00354385,scna-int8,0,0.00147291,6144,128,1,4093,2095616,padding,32768,0.00214134,347.652,scna-int8,1096,12,2,0,3224,10,233856,24576,4,0.0015175,host-fp32,0,0.000729387,1.07627,0,0.000785019,exp2,tree,16,1
0.00361633,scna-int8,0,0.00148701,6144,128,1,4093,2095616,causal,32768,0.00230026,687.254,scna-int8,1128,12,2,0,3224,10,233856,24576,4,0.0015175,host-fp32,0,0.00071093,1.17231,0,0.000833431,exp2,tree,32,1
0.00352478,scna-int8,0,0.00144546,6144,128,1,4093,2095616,full,32768,0.00225214,839.957,scna-int8,1128,12,2,0,3224,10,233856,24576,4,0.00148103,host-fp32,0,0.000691119,1.17645,0,0.000813069,exp2,tree,32,1
0.0018158,scna-int8,0,0.000691903,3072,64,1,4096,1048576,full,32768,0.00097031,203.655,scna-int8,1128,12,2,0,3224,10,233856,12288,4,0.000907659,host-fp32,0,0.000342623,1.0415,0,0.000356843,exp2,tree,32,1
0.00379562,scna-int8,0,0.00152402,6144,128,1,4093,2095616,padding,32768,0.00239311,467.442,scna-int8,1128,12,2,0,3224,10,233856,24576,4,0.0015175,host-fp32,0,0.000729387,1.16634,0,0.000850713,exp2,tree,32,1
0.00312805,scna-int8,0,0.00140624,6144,128,1,4093,2095616,causal,32768,0.00177001,357.875,scna-int8,1112,12,2,0,3224,10,233856,24576,4,0.0015175,host-fp32,0,0.00071093,1.00893,0,0.000717279,exp2,tree,8,1
0.00299835,scna-int8,0,0.00136571,6144,128,1,4093,2095616,full,32768,0.00172572,358.351,scna-int8,1112,12,2,0,3224,10,233856,24576,4,0.00148103,host-fp32,0,0.000691119,1.0088,0,0.000697202,exp2,tree,8,1
0.0016079,scna-int8,0,0.000660066,3072,64,1,4096,1048576,full,32768,0.000803303,115.706,scna-int8,1112,12,2,0,3224,10,233856,12288,4,0.000907659,host-fp32,0,0.000342623,0.942777,0,0.000323018,exp2,tree,8,1
0.00325394,scna-int8,0,0.00144338,6144,128,1,4093,2095616,padding,32768,0.00185142,271.282,scna-int8,1112,12,2,0,3224,10,233856,24576,4,0.0015175,host-fp32,0,0.000729387,1.00829,0,0.000735433,exp2,tree,8,1
0.00286102,scna-fp16,0,0.00138424,6144,128,1,4093,2095616,causal,32768,0.00135395,77.5427,scna-fp16,196,12,2,0,3224,10,233856,24576,4,0.0015175,host-fp32,0,0.00071093,0.948825,0,0.000674548,exp,direct,16,1
0.0027504,scna-fp16,0,0.00134523,6144,128,1,4093,2095616,full,32768,0.00128258,85.5845,scna-fp16,196,12,2,0,3224,10,233856,24576,4,0.00148103,host-fp32,0,0.000691119,0.948272,0,0.000655369,exp,direct,16,1
0.00165176,scna-fp16,0,0.000660062,3072,64,1,4096,1048576,full,32768,0.000744105,52.2209,scna-fp16,196,12,2,0,3224,10,233856,12288,4,0.000907659,host-fp32,0,0.000342623,0.933205,0,0.000319738,exp,direct,16,1
0.00286102,scna-fp16,0,0.00142112,6144,128,1,4093,2095616,padding,32768,0.00136287,89.8669,scna-fp16,196,12,2,0,3224,10,233856,24576,4,0.0015175,host-fp32,0,0.000729387,0.950015,0,0.000692929,exp,direct,16,1
0.00294876,scna-fp16,0,0.00139214,6144,128,1,4093,2095616,causal,32768,0.00144586,47.5937,scna-fp16,228,12,2,0,3224,10,233856,24576,4,0.0015175,host-fp32,0,0.00071093,0.958674,0,0.00068155,exp,direct,32,1
0.00286484,scna-fp16,0,0.0013522,6144,128,1,4093,2095616,full,32768,0.00140465,48.3924,scna-fp16,228,12,2,0,3224,10,233856,24576,4,0.00148103,host-fp32,0,0.000691119,0.957045,0,0.000661432,exp,direct,32,1
0.00173569,scna-fp16,0,0.000672686,3072,64,1,4096,1048576,full,32768,0.000861801,80.8319,scna-fp16,228,12,2,0,3224,10,233856,12288,4,0.000907659,host-fp32,0,0.000342623,0.967791,0,0.000331588,exp,direct,32,1
0.0029335,scna-fp16,0,0.00142998,6144,128,1,4093,2095616,padding,32768,0.00145626,48.4473,scna-fp16,228,12,2,0,3224,10,233856,24576,4,0.0015175,host-fp32,0,0.000729387,0.960983,0,0.000700928,exp,direct,32,1
0.00280762,scna-fp16,0,0.00138437,6144,128,1,4093,2095616,causal,32768,0.00135846,120.76,scna-fp16,212,12,2,0,3224,10,233856,24576,4,0.0015175,host-fp32,0,0.00071093,0.952376,0,0.000677073,exp,direct,8,1
0.00267029,scna-fp16,0,0.00134437,6144,128,1,4093,2095616,full,32768,0.00128932,139.467,scna-fp16,212,12,2,0,3224,10,233856,24576,4,0.00148103,host-fp32,0,0.000691119,0.950564,0,0.000656953,exp,direct,8,1
0.00155067,scna-fp16,0,0.000654956,3072,64,1,4096,1048576,full,32768,0.000694236,127.318,scna-fp16,212,12,2,0,3224,10,233856,12288,4,0.000907659,host-fp32,0,0.000342623,0.927886,0,0.000317915,exp,direct,8,1
0.00280762,scna-fp16,0,0.00142085,6144,128,1,4093,2095616,padding,32768,0.00137332,153.405,scna-fp16,212,12,2,0,3224,10,233856,24576,4,0.0015175,host-fp32,0,0.000729387,0.952824,0,0.000694978,exp,direct,8,1
0.00283813,scna-fp16,0,0.00138485,6144,128,1,4093,2095616,causal,32768,0.00135776,74.4423,scna-fp16,1220,12,2,0,3224,10,233856,24576,4,0.0015175,host-fp32,0,0.00071093,0.94965,0,0.000675135,exp,tree,16,1
0.0027504,scna-fp16,0,0.00134581,6144,128,1,4093,2095616,full,32768,0.00128091,82.7235,scna-fp16,1220,12,2,0,3224,10,233856,24576,4,0.00148103,host-fp32,0,0.000691119,0.949081,0,0.000655928,exp,tree,16,1
0.00166702,scna-fp16,0,0.00066082,3072,64,1,4096,1048576,full,32768,0.000759364,50.8855,scna-fp16,1220,12,2,0,3224,10,233856,12288,4,0.000907659,host-fp32,0,0.000342623,0.935333,0,0.000320467,exp,tree,16,1
0.00286102,scna-fp16,0,0.00142113,6144,128,1,4093,2095616,padding,32768,0.00136996,85.7134,scna-fp16,1220,12,2,0,3224,10,233856,24576,4,0.0015175,host-fp32,0,0.000729387,0.950003,0,0.000692919,exp,tree,16,1
0.00292587,scna-fp16,0,0.00139277,6144,128,1,4093,2095616,causal,32768,0.00144931,40.1642,scna-fp16,1252,12,2,0,3224,10,233856,24576,4,0.0015175,host-fp32,0,0.00071093,0.959532,0,0.000682161,exp,tree,32,1
0.00284576,scna-fp16,0,0.00135292,6144,128,1,4093,2095616,full,32768,0.00136474,46.5416,scna-fp16,1252,12,2,0,3224,10,233856,24576,4,0.00148103,host-fp32,0,0.000691119,0.958055,0,0.00066213,exp,tree,32,1
0.0017395,scna-fp16,0,0.000670614,3072,64,1,4096,1048576,full,32768,0.000856079,78.8766,scna-fp16,1252,12,2,0,3224,10,233856,12288,4,0.000907659,host-fp32,0,0.000342623,0.961584,0,0.000329461,exp,tree,32,1
0.00293732,scna-fp16,0,0.00143019,6144,128,1,4093,2095616,padding,32768,0.00146008,48.5505,scna-fp16,1252,12,2,0,3224,10,233856,24576,4,0.0015175,host-fp32,0,0.000729387,0.961251,0,0.000701124,exp,tree,32,1
0.00278854,scna-fp16,0,0.0013836,6144,128,1,4093,2095616,causal,32768,0.00135807,121.512,scna-fp16,1236,12,2,0,3224,10,233856,24576,4,0.0015175,host-fp32,0,0.00071093,0.951331,0,0.00067633,exp,tree,8,1
0.00266266,scna-fp16,0,0.00134422,6144,128,1,4093,2095616,full,32768,0.00127025,146.858,scna-fp16,1236,12,2,0,3224,10,233856,24576,4,0.00148103,host-fp32,0,0.000691119,0.950372,0,0.00065682,exp,tree,8,1
0.00155258,scna-fp16,0,0.000655513,3072,64,1,4096,1048576,full,32768,0.000690441,127.318,scna-fp16,1236,12,2,0,3224,10,233856,12288,4,0.000907659,host-fp32,0,0.000342623,0.929515,0,0.000318474,exp,tree,8,1
0.00278854,scna-fp16,0,0.00141999,6144,128,1,4093,2095616,padding,32768,0.00136951,150.783,scna-fp16,1236,12,2,0,3224,10,233856,24576,4,0.0015175,host-fp32,0,0.000729387,0.951688,0,0.000694149,exp,tree,8,1
0.00411224,scna-int8,0,0.00146067,6144,128,1,4093,2095616,causal,32768,0.00260954,427.535,scna-int8,200,12,2,0,3224,10,233856,24576,4,0.0015175,host-fp32,0,0.00071093,1.13886,0,0.000809648,exp,direct,16,1
0.00395203,scna-int8,0,0.00142642,6144,128,1,4093,2095616,full,32768,0.00251533,301.119,scna-int8,200,12,2,0,3224,10,233856,24576,4,0.00148103,host-fp32,0,0.000691119,1.15207,0,0.00079622,exp,direct,16,1
0.00181198,scna-int8,0,0.000667586,3072,64,1,4096,1048576,full,32768,0.000955261,139.561,scna-int8,200,12,2,0,3224,10,233856,12288,4,0.000907659,host-fp32,0,0.000342623,0.975256,0,0.000334145,exp,direct,16,1
0.00411224,scna-int8,0,0.0014934,6144,128,1,4093,2095616,padding,32768,0.00260954,1098.26,scna-int8,200,12,2,0,3224,10,233856,24576,4,0.0015175,host-fp32,0,0.000729387,1.12848,0,0.000823102,exp,direct,16,1
0.00441742,scna-int8,0,0.00149378,6144,128,1,4093,2095616,causal,32768,0.00291472,526.919,scna-int8,232,12,2,0,3224,10,233856,24576,4,0.0015175,host-fp32,0,0.00071093,1.23124,0,0.000875325,exp,direct,32,1
0.00427246,scna-int8,0,0.00146051,6144,128,1,4093,2095616,full,32768,0.00286628,423.483,scna-int8,232,12,2,0,3224,10,233856,24576,4,0.00148103,host-fp32,0,0.000691119,1.24845,0,0.000862826,exp,direct,32,1
0.00196838,scna-int8,0,0.000672862,3072,64,1,4096,1048576,full,32768,0.00111166,194.636,scna-int8,232,12,2,0,3224,10,233856,12288,4,0.000907659,host-fp32,0,0.000342623,1.00143,0,0.000343113,exp,direct,32,1
0.00441742,scna-int8,0,0.00152411,6144,128,1,4093,2095616,padding,32768,0.00291472,1329.05,scna-int8,232,12,2,0,3224,10,233856,24576,4,0.0015175,host-fp32,0,0.000729387,1.21522,0,0.000886363,exp,direct,32,1
0.00351334,scna-int8,0,0.00140632,6144,128,1,4093,2095616,causal,32768,0.00201063,287.578,scna-int8,216,12,2,0,3224,10,233856,24576,4,0.0015175,host-fp32,0,0.00071093,1.01734,0,0.000723255,exp,direct,8,1
0.00337219,scna-int8,0,0.00136942,6144,128,1,4093,2095616,full,32768,0.00189117,215.789,scna-int8,216,12,2,0,3224,10,233856,24576,4,0.00148103,host-fp32,0,0.000691119,1.02272,0,0.000706822,exp,direct,8,1
0.00164795,scna-int8,0,0.000655115,3072,64,1,4096,1048576,full,32768,0.000795438,107.471,scna-int8,216,12,2,0,3224,10,233856,12288,4,0.000907659,host-fp32,0,0.000342623,0.937127,0,0.000321082,exp,direct,8,1
0.00351334,scna-int8,0,0.00144079,6144,128,1,4093,2095616,padding,32768,0.00201063,765.426,scna-int8,216,12,2,0,3224,10,233856,24576,4,0.0015175,host-fp32,0,0.000729387,1.0127,0,0.000738649,exp,direct,8,1
0.00411224,scna-int8,0,0.00146067,6144,128,1,4093,2095616,causal,32768,0.00260954,427.535,scna-int8,1224,12,2,0,3224,10,233856,24576,4,0.0015175,host-fp32,0,0.00071093,1.13886,0,0.000809648,exp,tree,16,1
0.00395203,scna-int8,0,0.00142642,6144,128,1,4093,2095616,full,32768,0.00251533,301.119,scna-int8,1224,12,2,0,3224,10,233856,24576,4,0.00148103,host-fp32,0,0.000691119,1.15207,0,0.00079622,exp,tree,16,1
0.00181198,scna-int8,0,0.000667586,3072,64,1,4096,1048576,full,32768,0.000955261,139.561,scna-int8,1224,12,2,0,3224,10,233856,12288,4,0.000907659,host-fp32,0,0.000342623,0.975256,0,0.000334145,exp,tree,16,1
0.00411224,scna-int8,0,0.0014934,6144,128,1,4093,2095616,padding,32768,0.00260954,1098.26,scna-int8,1224,12,2,0,3224,10,233856,24576,4,0.0015175,host-fp32,0,0.000729387,1.12848,0,0.000823102,exp,tree,16,1
0.00441742,scna-int8,0,0.00149378,6144,128,1,4093,2095616,causal,32768,0.00291472,526.919,scna-int8,1256,12,2,0,3224,10,233856,24576,4,0.0015175,host-fp32,0,0.00071093,1.23124,0,0.000875325,exp,tree,32,1
0.00427246,scna-int8,0,0.00146051,6144,128,1,4093,2095616,full,32768,0.00286628,423.483,scna-int8,1256,12,2,0,3224,10,233856,24576,4,0.00148103,host-fp32,0,0.000691119,1.24845,0,0.000862826,exp,tree,32,1
0.00196838,scna-int8,0,0.000672862,3072,64,1,4096,1048576,full,32768,0.00111166,194.636,scna-int8,1256,12,2,0,3224,10,233856,12288,4,0.000907659,host-fp32,0,0.000342623,1.00143,0,0.000343113,exp,tree,32,1
0.00441742,scna-int8,0,0.00152411,6144,128,1,4093,2095616,padding,32768,0.00291472,1329.05,scna-int8,1256,12,2,0,3224,10,233856,24576,4,0.0015175,host-fp32,0,0.000729387,1.21522,0,0.000886363,exp,tree,32,1
0.00351334,scna-int8,0,0.00140632,6144,128,1,4093,2095616,causal,32768,0.00201063,287.578,scna-int8,1240,12,2,0,3224,10,233856,24576,4,0.0015175,host-fp32,0,0.00071093,1.01734,0,0.000723255,exp,tree,8,1
0.00337219,scna-int8,0,0.00136942,6144,128,1,4093,2095616,full,32768,0.00189117,215.789,scna-int8,1240,12,2,0,3224,10,233856,24576,4,0.00148103,host-fp32,0,0.000691119,1.02272,0,0.000706822,exp,tree,8,1
0.00164795,scna-int8,0,0.000655115,3072,64,1,4096,1048576,full,32768,0.000795438,107.471,scna-int8,1240,12,2,0,3224,10,233856,12288,4,0.000907659,host-fp32,0,0.000342623,0.937127,0,0.000321082,exp,tree,8,1
0.00351334,scna-int8,0,0.00144079,6144,128,1,4093,2095616,padding,32768,0.00201063,765.426,scna-int8,1240,12,2,0,3224,10,233856,24576,4,0.0015175,host-fp32,0,0.000729387,1.0127,0,0.000738649,exp,tree,8,1
