mode,qo_len,kv_len,n_heads,n_kv_heads,head_dim,iteration,record_count,profiled_total,q_load,k_load,v_load,qk_dot,safe_sm,core_acc,o_scale,o_store,q_load_pct,k_load_pct,v_load_pct,qk_dot_pct,safe_sm_pct,core_acc_pct,o_scale_pct,o_store_pct
baseline,4,4096,12,2,128,0,2,555,2,191,178,2,173,3,2,4,0.36036036036036034,34.41441441441441,32.072072072072075,0.36036036036036034,31.17117117117117,0.5405405405405406,0.36036036036036034,0.7207207207207207
baseline,4,4096,12,2,128,1,2,560,2,195,182,3,172,3,0,3,0.35714285714285715,34.82142857142857,32.5,0.5357142857142857,30.714285714285715,0.5357142857142857,0.0,0.5357142857142857
baseline,4,4096,12,2,128,2,2,532,2,165,181,3,173,2,2,4,0.37593984962406013,31.015037593984964,34.02255639097744,0.5639097744360901,32.5187969924812,0.37593984962406013,0.37593984962406013,0.7518796992481203
baseline,4,4096,12,2,128,3,2,546,2,183,178,3,172,2,2,4,0.3663003663003663,33.51648351648351,32.6007326007326,0.5494505494505495,31.5018315018315,0.3663003663003663,0.3663003663003663,0.7326007326007326
baseline,4,4096,12,2,128,4,2,530,2,175,172,3,170,3,1,4,0.37735849056603776,33.0188679245283,32.45283018867924,0.5660377358490566,32.075471698113205,0.5660377358490566,0.18867924528301888,0.7547169811320755
baseline,4,4096,12,2,128,5,2,546,4,182,178,3,171,3,1,4,0.7326007326007326,33.33333333333333,32.6007326007326,0.5494505494505495,31.318681318681318,0.5494505494505495,0.18315018315018314,0.7326007326007326
baseline,4,4096,12,2,128,6,2,553,2,192,176,3,171,3,2,4,0.3616636528028933,34.719710669077756,31.82640144665461,0.5424954792043399,30.92224231464738,0.5424954792043399,0.3616636528028933,0.7233273056057866
baseline,4,4096,12,2,128,7,2,540,2,178,177,3,172,2,2,4,0.3703703703703704,32.96296296296296,32.77777777777778,0.5555555555555556,31.851851851851855,0.3703703703703704,0.3703703703703704,0.7407407407407408
baseline,4,4096,12,2,128,8,2,540,2,175,178,3,174,2,2,4,0.3703703703703704,32.407407407407405,32.96296296296296,0.5555555555555556,32.22222222222222,0.3703703703703704,0.3703703703703704,0.7407407407407408
baseline,4,4096,12,2,128,9,2,547,2,185,180,3,171,2,1,3,0.3656307129798903,33.820840950639855,32.90676416819013,0.5484460694698354,31.26142595978062,0.3656307129798903,0.18281535648994515,0.5484460694698354
baseline,4,4096,12,2,128,10,2,549,2,183,181,3,172,3,1,4,0.36429872495446264,33.33333333333333,32.96903460837887,0.546448087431694,31.329690346083787,0.546448087431694,0.18214936247723132,0.7285974499089253
baseline,4,4096,12,2,128,11,2,531,2,171,178,3,171,2,1,3,0.3766478342749529,32.20338983050847,33.52165725047081,0.5649717514124294,32.20338983050847,0.3766478342749529,0.18832391713747645,0.5649717514124294
baseline,4,4096,12,2,128,12,2,542,2,187,172,3,171,3,1,3,0.36900369003690037,34.50184501845018,31.73431734317343,0.5535055350553505,31.54981549815498,0.5535055350553505,0.18450184501845018,0.5535055350553505
baseline,4,4096,12,2,128,13,2,530,2,179,171,2,171,0,1,4,0.37735849056603776,33.77358490566038,32.264150943396224,0.37735849056603776,32.264150943396224,0.0,0.18867924528301888,0.7547169811320755
baseline,4,4096,12,2,128,14,2,538,2,179,175,3,173,2,1,3,0.37174721189591076,33.27137546468401,32.52788104089219,0.5576208178438662,32.15613382899628,0.37174721189591076,0.18587360594795538,0.5576208178438662
baseline,4,4096,12,2,128,15,2,555,2,185,185,3,173,2,2,3,0.36036036036036034,33.33333333333333,33.33333333333333,0.5405405405405406,31.17117117117117,0.36036036036036034,0.36036036036036034,0.5405405405405406
baseline,4,4096,12,2,128,16,2,542,2,174,185,3,172,2,1,3,0.36900369003690037,32.10332103321033,34.132841328413285,0.5535055350553505,31.73431734317343,0.36900369003690037,0.18450184501845018,0.5535055350553505
baseline,4,4096,12,2,128,17,2,537,2,170,184,3,171,2,1,4,0.37243947858473,31.65735567970205,34.26443202979516,0.5586592178770949,31.843575418994412,0.37243947858473,0.186219739292365,0.74487895716946
baseline,4,4096,12,2,128,18,2,554,2,178,193,3,170,3,2,3,0.36101083032490977,32.12996389891697,34.83754512635379,0.5415162454873645,30.685920577617328,0.5415162454873645,0.36101083032490977,0.5415162454873645
baseline,4,4096,12,2,128,19,2,551,2,182,187,3,169,3,1,4,0.3629764065335753,33.03085299455535,33.938294010889294,0.5444646098003629,30.671506352087114,0.5444646098003629,0.18148820326678766,0.7259528130671506
baseline,8,4096,12,2,128,0,2,766,4,160,207,7,373,7,1,7,0.5221932114882507,20.887728459530024,27.023498694516974,0.9138381201044387,48.69451697127937,0.9138381201044387,0.13054830287206268,0.9138381201044387
baseline,8,4096,12,2,128,1,2,778,4,172,205,7,371,10,2,7,0.5141388174807198,22.10796915167095,26.34961439588689,0.8997429305912596,47.68637532133676,1.2853470437017995,0.2570694087403599,0.8997429305912596
baseline,8,4096,12,2,128,2,2,793,4,185,211,7,370,6,2,8,0.5044136191677175,23.329129886506937,26.6078184110971,0.8827238335435058,46.658259773013874,0.7566204287515763,0.25220680958385877,1.008827238335435
baseline,8,4096,12,2,128,3,2,819,4,186,227,7,377,9,1,8,0.4884004884004884,22.71062271062271,27.716727716727718,0.8547008547008548,46.03174603174603,1.098901098901099,0.1221001221001221,0.9768009768009768
baseline,8,4096,12,2,128,4,2,806,4,184,223,9,370,8,1,7,0.49627791563275436,22.8287841191067,27.667493796526056,1.1166253101736971,45.90570719602978,0.9925558312655087,0.12406947890818859,0.8684863523573202
baseline,8,4096,12,2,128,5,2,777,4,173,204,8,375,6,1,6,0.5148005148005148,22.265122265122265,26.254826254826252,1.0296010296010296,48.26254826254826,0.7722007722007722,0.1287001287001287,0.7722007722007722
baseline,8,4096,12,2,128,6,2,761,4,164,197,8,373,8,1,6,0.5256241787122208,21.55059132720105,25.88699080157687,1.0512483574244416,49.01445466491459,1.0512483574244416,0.1314060446780552,0.7884362680683311
baseline,8,4096,12,2,128,7,2,763,4,166,199,7,371,9,1,6,0.5242463958060288,21.756225425950195,26.08125819134993,0.9174311926605505,48.62385321100918,1.1795543905635648,0.1310615989515072,0.7863695937090431
baseline,8,4096,12,2,128,8,2,833,4,218,210,10,379,6,1,5,0.4801920768307323,26.17046818727491,25.210084033613445,1.2004801920768309,45.49819927971189,0.7202881152460985,0.12004801920768307,0.6002400960384154
baseline,8,4096,12,2,128,9,2,770,4,165,205,7,374,8,1,6,0.5194805194805194,21.428571428571427,26.623376623376622,0.9090909090909091,48.57142857142857,1.0389610389610389,0.12987012987012986,0.7792207792207793
baseline,8,4096,12,2,128,10,2,771,4,170,201,8,375,6,0,7,0.5188067444876783,22.04928664072633,26.07003891050584,1.0376134889753565,48.63813229571984,0.7782101167315175,0.0,0.9079118028534372
baseline,8,4096,12,2,128,11,2,798,4,175,225,7,374,6,1,6,0.5012531328320802,21.929824561403507,28.195488721804512,0.8771929824561403,46.8671679197995,0.7518796992481203,0.12531328320802004,0.7518796992481203
baseline,8,4096,12,2,128,12,2,825,4,170,255,7,373,7,1,8,0.48484848484848486,20.606060606060606,30.909090909090907,0.8484848484848486,45.21212121212122,0.8484848484848486,0.12121212121212122,0.9696969696969697
baseline,8,4096,12,2,128,13,2,763,6,161,200,7,377,5,1,6,0.7863695937090431,21.100917431192663,26.212319790301443,0.9174311926605505,49.41022280471822,0.655307994757536,0.1310615989515072,0.7863695937090431
baseline,8,4096,12,2,128,14,2,791,4,181,211,8,373,7,1,6,0.5056890012642226,22.88242730720607,26.67509481668774,1.0113780025284451,47.15549936788875,0.8849557522123894,0.12642225031605564,0.7585335018963337
baseline,8,4096,12,2,128,15,2,793,4,177,215,8,374,6,1,8,0.5044136191677175,22.3203026481715,27.112232030264817,1.008827238335435,47.16267339218159,0.7566204287515763,0.12610340479192939,1.008827238335435
baseline,8,4096,12,2,128,16,2,785,4,170,218,7,371,6,1,8,0.5095541401273885,21.656050955414013,27.770700636942674,0.89171974522293,47.261146496815286,0.7643312101910829,0.12738853503184713,1.019108280254777
baseline,8,4096,12,2,128,17,2,806,4,174,229,7,377,8,1,6,0.49627791563275436,21.588089330024815,28.41191066997519,0.8684863523573202,46.774193548387096,0.9925558312655087,0.12406947890818859,0.7444168734491315
baseline,8,4096,12,2,128,18,2,804,4,162,237,7,377,8,1,8,0.4975124378109453,20.149253731343283,29.47761194029851,0.8706467661691543,46.89054726368159,0.9950248756218906,0.12437810945273632,0.9950248756218906
baseline,8,4096,12,2,128,19,2,801,4,168,228,7,378,7,1,8,0.4993757802746567,20.973782771535582,28.46441947565543,0.8739076154806492,47.19101123595505,0.8739076154806492,0.12484394506866417,0.9987515605493134
baseline,16,4096,12,2,128,0,2,1183,8,199,142,13,796,12,1,12,0.6762468300929839,16.821639898562974,12.003381234150465,1.098901098901099,67.2865595942519,1.0143702451394758,0.08453085376162299,1.0143702451394758
baseline,16,4096,12,2,128,1,2,1143,8,167,155,13,774,13,2,11,0.699912510936133,14.610673665791776,13.560804899387577,1.1373578302712162,67.71653543307087,1.1373578302712162,0.17497812773403326,0.9623797025371827
baseline,16,4096,12,2,128,2,2,1162,8,175,148,12,795,11,1,12,0.6884681583476765,15.060240963855422,12.736660929432015,1.0327022375215147,68.41652323580034,0.9466437177280551,0.08605851979345956,1.0327022375215147
baseline,16,4096,12,2,128,3,2,1152,8,168,143,14,791,15,1,12,0.6944444444444444,14.583333333333334,12.413194444444445,1.215277777777778,68.66319444444444,1.3020833333333335,0.08680555555555555,1.0416666666666665
baseline,16,4096,12,2,128,4,2,1154,8,171,163,14,772,13,1,12,0.6932409012131715,14.818024263431543,14.124783362218372,1.2131715771230502,66.89774696707106,1.1265164644714039,0.08665511265164644,1.0398613518197575
baseline,16,4096,12,2,128,5,2,1132,8,171,142,12,771,14,2,12,0.7067137809187279,15.106007067137808,12.54416961130742,1.0600706713780919,68.1095406360424,1.2367491166077738,0.17667844522968199,1.0600706713780919
baseline,16,4096,12,2,128,6,2,1159,10,165,151,11,792,14,2,14,0.8628127696289906,14.236410698878343,13.028472821397758,0.9490940465918896,68.33477135461605,1.2079378774805867,0.1725625539257981,1.2079378774805867
baseline,16,4096,12,2,128,7,2,1162,8,182,141,12,793,13,1,12,0.6884681583476765,15.66265060240964,12.134251290877797,1.0327022375215147,68.24440619621342,1.1187607573149743,0.08605851979345956,1.0327022375215147
baseline,16,4096,12,2,128,8,2,1142,8,165,138,13,789,14,1,14,0.7005253940455342,14.448336252189142,12.084063047285463,1.138353765323993,69.0893169877408,1.2259194395796849,0.08756567425569177,1.2259194395796849
baseline,16,4096,12,2,128,9,2,1175,8,188,146,13,794,13,1,12,0.6808510638297872,16.0,12.425531914893618,1.1063829787234043,67.57446808510639,1.1063829787234043,0.0851063829787234,1.0212765957446808
baseline,16,4096,12,2,128,10,2,1153,8,177,140,13,789,13,1,12,0.6938421509106678,15.351257588898527,12.142237640936687,1.1274934952298352,68.43018213356461,1.1274934952298352,0.08673026886383348,1.0407632263660018
baseline,16,4096,12,2,128,11,2,1152,8,171,147,12,786,15,1,12,0.6944444444444444,14.84375,12.760416666666666,1.0416666666666665,68.22916666666666,1.3020833333333335,0.08680555555555555,1.0416666666666665
baseline,16,4096,12,2,128,12,2,1146,8,167,147,12,784,15,1,12,0.6980802792321117,14.572425828970331,12.827225130890053,1.0471204188481675,68.41186736474695,1.3089005235602094,0.08726003490401396,1.0471204188481675
baseline,16,4096,12,2,128,13,2,1138,8,159,141,13,791,13,1,12,0.7029876977152899,13.971880492091387,12.390158172231985,1.1423550087873462,69.5079086115993,1.1423550087873462,0.08787346221441124,1.054481546572935
baseline,16,4096,12,2,128,14,2,1166,8,174,152,12,792,13,3,12,0.6861063464837049,14.922813036020582,13.036020583190394,1.0291595197255576,67.9245283018868,1.1149228130360207,0.2572898799313894,1.0291595197255576
baseline,16,4096,12,2,128,15,2,1161,10,175,146,13,791,13,1,12,0.8613264427217916,15.07321274763135,12.575366063738159,1.119724375538329,68.13092161929372,1.119724375538329,0.08613264427217916,1.03359173126615
baseline,16,4096,12,2,128,16,2,1150,8,168,143,12,792,13,2,12,0.6956521739130435,14.608695652173914,12.434782608695652,1.0434782608695654,68.8695652173913,1.1304347826086958,0.17391304347826086,1.0434782608695654
baseline,16,4096,12,2,128,17,2,1110,8,155,138,13,769,13,2,12,0.7207207207207207,13.963963963963963,12.432432432432433,1.1711711711711712,69.27927927927928,1.1711711711711712,0.18018018018018017,1.0810810810810811
baseline,16,4096,12,2,128,18,2,1144,8,177,137,14,782,13,1,12,0.6993006993006993,15.472027972027972,11.975524475524475,1.2237762237762237,68.35664335664336,1.1363636363636365,0.08741258741258741,1.048951048951049
baseline,16,4096,12,2,128,19,2,1162,8,183,152,12,780,14,1,12,0.6884681583476765,15.748709122203097,13.080895008605854,1.0327022375215147,67.12564543889845,1.2048192771084338,0.08605851979345956,1.0327022375215147
baseline,32,4096,12,2,128,0,2,2197,16,173,123,25,1796,39,3,22,0.7282658170232135,7.874374146563495,5.598543468365953,1.137915339098771,81.7478379608557,1.7751479289940828,0.13654984069185253,1.0013654984069187
baseline,32,4096,12,2,128,1,2,2187,16,178,124,24,1783,37,3,22,0.7315957933241883,8.139003200731596,5.6698673982624594,1.0973936899862824,81.52720621856425,1.6918152720621855,0.1371742112482853,1.0059442158207592
baseline,32,4096,12,2,128,2,2,2199,16,172,124,23,1799,39,3,23,0.7276034561164165,7.821737153251478,5.638926784902228,1.0459299681673488,81.80991359708959,1.7735334242837655,0.1364256480218281,1.0459299681673488
baseline,32,4096,12,2,128,3,2,2191,16,177,126,24,1784,37,3,24,0.730260155180283,8.07850296668188,5.7507987220447285,1.0953902327704246,81.42400730260155,1.6887266088544046,0.13692377909630307,1.0953902327704246
baseline,32,4096,12,2,128,4,2,2219,16,189,126,24,1798,40,3,23,0.7210455159981974,8.517350157728707,5.678233438485805,1.081568273997296,81.02748986029744,1.8026137899954935,0.135196034249662,1.0365029292474088
baseline,32,4096,12,2,128,5,2,2175,16,173,127,24,1772,36,3,24,0.735632183908046,7.954022988505748,5.839080459770115,1.103448275862069,81.47126436781609,1.6551724137931034,0.13793103448275862,1.103448275862069
baseline,32,4096,12,2,128,6,2,2195,16,187,126,23,1780,37,3,23,0.7289293849658315,8.519362186788156,5.740318906605923,1.0478359908883828,81.09339407744875,1.685649202733485,0.1366742596810934,1.0478359908883828
baseline,32,4096,12,2,128,7,2,2190,16,195,127,23,1764,39,3,23,0.730593607305936,8.904109589041095,5.799086757990867,1.0502283105022832,80.54794520547945,1.7808219178082192,0.136986301369863,1.0502283105022832
baseline,32,4096,12,2,128,8,2,2190,16,166,130,25,1786,40,3,24,0.730593607305936,7.579908675799087,5.93607305936073,1.141552511415525,81.55251141552512,1.82648401826484,0.136986301369863,1.095890410958904
baseline,32,4096,12,2,128,9,2,2179,16,181,128,24,1765,39,3,23,0.7342817806333181,8.30656264341441,5.8742542450665445,1.101422670949977,81.0004589261129,1.7898118402937127,0.13767783386874713,1.0555300596603947
baseline,32,4096,12,2,128,10,2,2183,16,161,136,24,1782,38,3,23,0.7329363261566652,7.375171781951442,6.229958772331654,1.0994044892349977,81.63078332569857,1.7407237746220796,0.1374255611543747,1.0535959688502061
baseline,32,4096,12,2,128,11,2,2200,16,171,130,23,1792,41,4,23,0.7272727272727273,7.7727272727272725,5.909090909090909,1.0454545454545454,81.45454545454545,1.8636363636363635,0.18181818181818182,1.0454545454545454
baseline,32,4096,12,2,128,12,2,2161,16,163,132,24,1765,36,3,22,0.7403979639055993,7.542804257288292,6.108283202221194,1.1105969458583989,81.67515039333641,1.6658954187875983,0.13882461823229986,1.018047200370199
baseline,32,4096,12,2,128,13,2,2182,16,172,132,24,1770,41,3,24,0.7332722273143905,7.882676443629697,6.049495875343721,1.0999083409715857,81.11824014665444,1.8790100824931255,0.13748854262144822,1.0999083409715857
baseline,32,4096,12,2,128,14,2,2192,16,174,136,23,1781,37,3,22,0.7299270072992701,7.937956204379562,6.204379562043796,1.0492700729927007,81.25,1.687956204379562,0.13686131386861314,1.0036496350364963
baseline,32,4096,12,2,128,15,2,2201,16,178,132,23,1786,39,3,24,0.7269422989550204,8.087233075874604,5.997273966378919,1.0449795547478418,81.14493412085416,1.7719218537028625,0.13630168105406634,1.0904134484325307
baseline,32,4096,12,2,128,16,2,2201,16,179,137,23,1778,41,3,24,0.7269422989550204,8.13266696955929,6.224443434802362,1.0449795547478418,80.78146297137665,1.8627896410722398,0.13630168105406634,1.0904134484325307
baseline,32,4096,12,2,128,17,2,2190,16,191,135,24,1757,40,3,24,0.730593607305936,8.721461187214611,6.164383561643835,1.095890410958904,80.22831050228311,1.82648401826484,0.136986301369863,1.095890410958904
baseline,32,4096,12,2,128,18,2,2199,16,174,131,23,1791,38,3,23,0.7276034561164165,7.91268758526603,5.95725329695316,1.0459299681673488,81.44611186903138,1.7280582082764895,0.1364256480218281,1.0459299681673488
baseline,32,4096,12,2,128,19,2,2190,16,179,128,24,1777,39,3,24,0.730593607305936,8.17351598173516,5.844748858447488,1.095890410958904,81.14155251141553,1.7808219178082192,0.136986301369863,1.095890410958904
