mode,function,kernel,pipeline,scna_width,qo_len,iteration,profiled_total,safe_sm,scna_exp,q_load,k_load,v_load,qk_dot,core_acc,o_scale,o_store,kv_dma_issue,kv_dma_wait,kv_transform,host_elapsed
baseline,none,none,off,0,4,0,800.0,163.0,0.0,2.0,312.0,312.0,4.0,2.0,2.0,3.0,0.0,0.0,0.0,1124.0
baseline,none,none,off,0,4,1,789.0,162.0,0.0,2.0,314.0,300.0,4.0,2.0,2.0,3.0,0.0,0.0,0.0,1062.0
baseline,none,none,off,0,4,2,805.0,167.0,0.0,2.0,329.0,296.0,4.0,2.0,2.0,3.0,0.0,0.0,0.0,1070.0
baseline,none,none,off,0,4,3,813.0,164.0,0.0,2.0,322.0,314.0,4.0,2.0,2.0,3.0,0.0,0.0,0.0,1070.0
baseline,none,none,off,0,4,4,816.0,164.0,0.0,2.0,328.0,311.0,4.0,2.0,2.0,3.0,0.0,0.0,0.0,1065.0
baseline,none,none,off,0,4,5,805.0,162.0,0.0,2.0,332.0,298.0,4.0,2.0,2.0,3.0,0.0,0.0,0.0,1071.0
baseline,none,none,off,0,4,6,859.0,177.0,0.0,2.0,355.0,315.0,4.0,2.0,2.0,2.0,0.0,0.0,0.0,1122.0
baseline,none,none,off,0,4,7,863.0,176.0,0.0,2.0,361.0,314.0,4.0,2.0,2.0,2.0,0.0,0.0,0.0,1208.0
baseline,none,none,off,0,4,8,871.0,176.0,0.0,2.0,364.0,318.0,4.0,2.0,2.0,3.0,0.0,0.0,0.0,1206.0
baseline,none,none,off,0,4,9,865.0,176.0,0.0,2.0,362.0,315.0,4.0,2.0,2.0,2.0,0.0,0.0,0.0,1105.0
baseline,none,none,off,0,4,10,870.0,177.0,0.0,2.0,364.0,315.0,4.0,2.0,2.0,4.0,0.0,0.0,0.0,1172.0
baseline,none,none,off,0,4,11,854.0,176.0,0.0,3.0,357.0,308.0,4.0,2.0,2.0,2.0,0.0,0.0,0.0,1206.0
baseline,none,none,off,0,4,12,857.0,176.0,0.0,3.0,353.0,315.0,4.0,2.0,2.0,2.0,0.0,0.0,0.0,1129.0
baseline,none,none,off,0,4,13,863.0,176.0,0.0,2.0,358.0,316.0,4.0,2.0,2.0,3.0,0.0,0.0,0.0,1191.0
baseline,none,none,off,0,4,14,868.0,176.0,0.0,2.0,365.0,313.0,4.0,2.0,2.0,4.0,0.0,0.0,0.0,1228.0
baseline,none,none,off,0,4,15,847.0,176.0,0.0,3.0,351.0,306.0,4.0,2.0,2.0,3.0,0.0,0.0,0.0,1206.0
baseline,none,none,off,0,4,16,856.0,176.0,0.0,3.0,356.0,310.0,4.0,2.0,2.0,3.0,0.0,0.0,0.0,1213.0
baseline,none,none,off,0,4,17,852.0,177.0,0.0,3.0,350.0,312.0,4.0,2.0,2.0,2.0,0.0,0.0,0.0,1127.0
baseline,none,none,off,0,4,18,862.0,176.0,0.0,2.0,354.0,318.0,4.0,2.0,2.0,4.0,0.0,0.0,0.0,1103.0
baseline,none,none,off,0,4,19,955.0,199.0,0.0,2.0,399.0,343.0,4.0,2.0,2.0,4.0,0.0,0.0,0.0,1299.0
baseline,none,none,off,0,4,100,892.0,185.0,0.0,2.0,367.0,326.0,4.0,2.0,2.0,4.0,0.0,0.0,0.0,1209.0
baseline,none,none,off,0,4,101,874.0,184.0,0.0,2.0,356.0,320.0,4.0,2.0,2.0,4.0,0.0,0.0,0.0,1268.0
baseline,none,none,off,0,4,102,885.0,181.0,0.0,2.0,356.0,334.0,4.0,2.0,2.0,4.0,0.0,0.0,0.0,1241.0
baseline,none,none,off,0,4,103,883.0,183.0,0.0,2.0,354.0,332.0,4.0,2.0,2.0,4.0,0.0,0.0,0.0,1174.0
baseline,none,none,off,0,4,104,878.0,183.0,0.0,2.0,356.0,325.0,4.0,2.0,2.0,4.0,0.0,0.0,0.0,1226.0
baseline,none,none,off,0,4,105,872.0,182.0,0.0,2.0,350.0,326.0,4.0,2.0,2.0,4.0,0.0,0.0,0.0,1207.0
baseline,none,none,off,0,4,106,875.0,182.0,0.0,2.0,345.0,334.0,4.0,2.0,2.0,4.0,0.0,0.0,0.0,1192.0
baseline,none,none,off,0,4,107,872.0,182.0,0.0,2.0,345.0,331.0,4.0,2.0,2.0,4.0,0.0,0.0,0.0,1195.0
baseline,none,none,off,0,4,108,875.0,182.0,0.0,2.0,346.0,333.0,4.0,2.0,2.0,4.0,0.0,0.0,0.0,1189.0
baseline,none,none,off,0,4,109,872.0,182.0,0.0,2.0,348.0,328.0,4.0,2.0,2.0,4.0,0.0,0.0,0.0,1197.0
baseline,none,none,off,0,4,110,874.0,182.0,0.0,2.0,348.0,330.0,4.0,2.0,2.0,4.0,0.0,0.0,0.0,1191.0
baseline,none,none,off,0,4,111,873.0,182.0,0.0,2.0,346.0,332.0,4.0,1.0,2.0,4.0,0.0,0.0,0.0,1186.0
baseline,none,none,off,0,4,112,866.0,182.0,0.0,2.0,343.0,327.0,4.0,2.0,2.0,4.0,0.0,0.0,0.0,1109.0
baseline,none,none,off,0,4,113,869.0,182.0,0.0,2.0,347.0,326.0,4.0,2.0,2.0,4.0,0.0,0.0,0.0,1172.0
baseline,none,none,off,0,4,114,875.0,183.0,0.0,2.0,355.0,323.0,4.0,2.0,2.0,4.0,0.0,0.0,0.0,1174.0
baseline,none,none,off,0,4,115,869.0,181.0,0.0,2.0,342.0,332.0,4.0,2.0,2.0,4.0,0.0,0.0,0.0,1116.0
baseline,none,none,off,0,4,116,891.0,181.0,0.0,2.0,369.0,328.0,4.0,2.0,1.0,4.0,0.0,0.0,0.0,1177.0
baseline,none,none,off,0,4,117,893.0,181.0,0.0,2.0,373.0,325.0,4.0,2.0,2.0,4.0,0.0,0.0,0.0,1178.0
baseline,none,none,off,0,4,118,892.0,183.0,0.0,2.0,364.0,331.0,4.0,2.0,2.0,4.0,0.0,0.0,0.0,1175.0
baseline,none,none,off,0,4,119,896.0,182.0,0.0,2.0,369.0,331.0,4.0,2.0,2.0,4.0,0.0,0.0,0.0,1174.0
baseline,none,none,off,0,8,0,818.0,343.0,0.0,4.0,131.0,320.0,8.0,5.0,1.0,6.0,0.0,0.0,0.0,1083.0
baseline,none,none,off,0,8,1,818.0,340.0,0.0,4.0,131.0,322.0,8.0,5.0,2.0,6.0,0.0,0.0,0.0,1087.0
baseline,none,none,off,0,8,2,819.0,342.0,0.0,4.0,131.0,321.0,8.0,5.0,2.0,6.0,0.0,0.0,0.0,1098.0
baseline,none,none,off,0,8,3,815.0,338.0,0.0,4.0,130.0,324.0,8.0,4.0,1.0,6.0,0.0,0.0,0.0,1114.0
baseline,none,none,off,0,8,4,820.0,342.0,0.0,4.0,130.0,324.0,8.0,5.0,1.0,6.0,0.0,0.0,0.0,1093.0
baseline,none,none,off,0,8,5,822.0,341.0,0.0,4.0,130.0,327.0,8.0,5.0,1.0,6.0,0.0,0.0,0.0,1095.0
baseline,none,none,off,0,8,6,818.0,340.0,0.0,4.0,130.0,324.0,8.0,5.0,1.0,6.0,0.0,0.0,0.0,1174.0
baseline,none,none,off,0,8,7,899.0,335.0,0.0,4.0,212.0,329.0,8.0,4.0,1.0,6.0,0.0,0.0,0.0,1231.0
baseline,none,none,off,0,8,8,904.0,334.0,0.0,4.0,220.0,326.0,8.0,4.0,2.0,6.0,0.0,0.0,0.0,1215.0
baseline,none,none,off,0,8,9,952.0,335.0,0.0,4.0,266.0,326.0,8.0,5.0,2.0,6.0,0.0,0.0,0.0,1209.0
baseline,none,none,off,0,8,10,940.0,335.0,0.0,4.0,253.0,329.0,8.0,4.0,1.0,6.0,0.0,0.0,0.0,1237.0
baseline,none,none,off,0,8,11,924.0,370.0,0.0,4.0,170.0,360.0,8.0,5.0,1.0,6.0,0.0,0.0,0.0,1228.0
baseline,none,none,off,0,8,12,922.0,370.0,0.0,4.0,169.0,360.0,8.0,4.0,1.0,6.0,0.0,0.0,0.0,1195.0
baseline,none,none,off,0,8,13,920.0,369.0,0.0,4.0,169.0,359.0,8.0,4.0,1.0,6.0,0.0,0.0,0.0,1193.0
baseline,none,none,off,0,8,14,916.0,366.0,0.0,4.0,169.0,358.0,8.0,4.0,1.0,6.0,0.0,0.0,0.0,1176.0
baseline,none,none,off,0,8,15,924.0,370.0,0.0,4.0,169.0,361.0,8.0,5.0,1.0,6.0,0.0,0.0,0.0,1273.0
baseline,none,none,off,0,8,16,918.0,368.0,0.0,4.0,168.0,359.0,8.0,4.0,1.0,6.0,0.0,0.0,0.0,1202.0
baseline,none,none,off,0,8,17,917.0,367.0,0.0,4.0,168.0,359.0,8.0,4.0,1.0,6.0,0.0,0.0,0.0,1245.0
baseline,none,none,off,0,8,18,917.0,368.0,0.0,4.0,168.0,357.0,8.0,5.0,1.0,6.0,0.0,0.0,0.0,1296.0
baseline,none,none,off,0,8,19,917.0,368.0,0.0,4.0,168.0,358.0,8.0,4.0,1.0,6.0,0.0,0.0,0.0,1197.0
baseline,none,none,off,0,8,100,1034.0,328.0,0.0,4.0,358.0,324.0,8.0,4.0,2.0,6.0,0.0,0.0,0.0,1390.0
baseline,none,none,off,0,8,101,1017.0,332.0,0.0,4.0,336.0,325.0,8.0,4.0,2.0,6.0,0.0,0.0,0.0,1366.0
baseline,none,none,off,0,8,102,1015.0,331.0,0.0,4.0,334.0,325.0,8.0,5.0,2.0,6.0,0.0,0.0,0.0,1271.0
baseline,none,none,off,0,8,103,1032.0,331.0,0.0,4.0,347.0,330.0,8.0,4.0,2.0,6.0,0.0,0.0,0.0,1369.0
baseline,none,none,off,0,8,104,1017.0,331.0,0.0,4.0,356.0,305.0,8.0,5.0,2.0,6.0,0.0,0.0,0.0,1273.0
baseline,none,none,off,0,8,105,1018.0,331.0,0.0,4.0,355.0,307.0,8.0,4.0,3.0,6.0,0.0,0.0,0.0,1372.0
baseline,none,none,off,0,8,106,1020.0,330.0,0.0,4.0,339.0,326.0,8.0,5.0,2.0,6.0,0.0,0.0,0.0,1266.0
baseline,none,none,off,0,8,107,1017.0,331.0,0.0,4.0,339.0,321.0,8.0,5.0,3.0,6.0,0.0,0.0,0.0,1366.0
baseline,none,none,off,0,8,108,1025.0,329.0,0.0,4.0,350.0,321.0,8.0,4.0,3.0,6.0,0.0,0.0,0.0,1276.0
baseline,none,none,off,0,8,109,1037.0,337.0,0.0,4.0,346.0,329.0,8.0,5.0,2.0,6.0,0.0,0.0,0.0,1282.0
baseline,none,none,off,0,8,110,1063.0,342.0,0.0,4.0,365.0,331.0,8.0,4.0,3.0,6.0,0.0,0.0,0.0,1366.0
baseline,none,none,off,0,8,111,1069.0,343.0,0.0,4.0,370.0,330.0,8.0,5.0,3.0,6.0,0.0,0.0,0.0,1323.0
baseline,none,none,off,0,8,112,1057.0,339.0,0.0,4.0,364.0,330.0,8.0,4.0,2.0,6.0,0.0,0.0,0.0,1386.0
baseline,none,none,off,0,8,113,1063.0,337.0,0.0,4.0,378.0,323.0,8.0,5.0,2.0,6.0,0.0,0.0,0.0,1343.0
baseline,none,none,off,0,8,114,1074.0,340.0,0.0,4.0,379.0,330.0,8.0,4.0,3.0,6.0,0.0,0.0,0.0,1322.0
baseline,none,none,off,0,8,115,1086.0,344.0,0.0,4.0,375.0,342.0,8.0,5.0,2.0,6.0,0.0,0.0,0.0,1433.0
baseline,none,none,off,0,8,116,1096.0,345.0,0.0,4.0,386.0,341.0,8.0,4.0,2.0,6.0,0.0,0.0,0.0,1429.0
baseline,none,none,off,0,8,117,1074.0,340.0,0.0,4.0,377.0,332.0,8.0,5.0,2.0,6.0,0.0,0.0,0.0,1378.0
baseline,none,none,off,0,8,118,1086.0,338.0,0.0,4.0,386.0,338.0,8.0,4.0,2.0,6.0,0.0,0.0,0.0,1440.0
baseline,none,none,off,0,8,119,1095.0,342.0,0.0,4.0,387.0,341.0,8.0,5.0,2.0,6.0,0.0,0.0,0.0,1434.0
baseline,none,none,off,0,16,0,1261.0,610.0,0.0,7.0,318.0,290.0,12.0,11.0,2.0,11.0,0.0,0.0,0.0,1560.0
baseline,none,none,off,0,16,1,1255.0,610.0,0.0,8.0,314.0,289.0,12.0,10.0,2.0,10.0,0.0,0.0,0.0,1552.0
baseline,none,none,off,0,16,2,1395.0,659.0,0.0,7.0,357.0,337.0,12.0,11.0,2.0,10.0,0.0,0.0,0.0,1699.0
baseline,none,none,off,0,16,3,1429.0,658.0,0.0,8.0,392.0,334.0,12.0,11.0,2.0,12.0,0.0,0.0,0.0,1755.0
baseline,none,none,off,0,16,4,1407.0,654.0,0.0,8.0,381.0,331.0,12.0,9.0,2.0,10.0,0.0,0.0,0.0,1778.0
baseline,none,none,off,0,16,5,1425.0,656.0,0.0,8.0,389.0,337.0,12.0,10.0,3.0,10.0,0.0,0.0,0.0,1742.0
baseline,none,none,off,0,16,6,1420.0,656.0,0.0,8.0,386.0,335.0,12.0,11.0,2.0,10.0,0.0,0.0,0.0,1717.0
baseline,none,none,off,0,16,7,1422.0,656.0,0.0,8.0,388.0,335.0,12.0,11.0,2.0,10.0,0.0,0.0,0.0,1730.0
baseline,none,none,off,0,16,8,1413.0,648.0,0.0,8.0,386.0,336.0,12.0,11.0,2.0,10.0,0.0,0.0,0.0,1722.0
baseline,none,none,off,0,16,9,1413.0,656.0,0.0,8.0,376.0,337.0,12.0,11.0,2.0,11.0,0.0,0.0,0.0,1718.0
baseline,none,none,off,0,16,10,1418.0,655.0,0.0,8.0,382.0,340.0,12.0,9.0,2.0,10.0,0.0,0.0,0.0,1790.0
baseline,none,none,off,0,16,11,1501.0,687.0,0.0,8.0,401.0,372.0,12.0,9.0,2.0,10.0,0.0,0.0,0.0,1881.0
baseline,none,none,off,0,16,12,1409.0,691.0,0.0,8.0,298.0,377.0,12.0,10.0,3.0,10.0,0.0,0.0,0.0,1808.0
baseline,none,none,off,0,16,13,1543.0,682.0,0.0,8.0,443.0,375.0,12.0,10.0,3.0,10.0,0.0,0.0,0.0,1871.0
baseline,none,none,off,0,16,14,1541.0,684.0,0.0,8.0,442.0,372.0,12.0,10.0,3.0,10.0,0.0,0.0,0.0,1920.0
baseline,none,none,off,0,16,15,1541.0,683.0,0.0,8.0,444.0,371.0,12.0,10.0,3.0,10.0,0.0,0.0,0.0,1890.0
baseline,none,none,off,0,16,16,1543.0,683.0,0.0,8.0,444.0,374.0,12.0,10.0,2.0,10.0,0.0,0.0,0.0,1880.0
baseline,none,none,off,0,16,17,1541.0,686.0,0.0,8.0,441.0,372.0,12.0,10.0,2.0,10.0,0.0,0.0,0.0,1880.0
baseline,none,none,off,0,16,18,1540.0,684.0,0.0,8.0,441.0,372.0,12.0,10.0,3.0,10.0,0.0,0.0,0.0,1868.0
baseline,none,none,off,0,16,19,1549.0,686.0,0.0,8.0,447.0,373.0,12.0,10.0,3.0,10.0,0.0,0.0,0.0,1889.0
baseline,none,none,off,0,16,100,1231.0,609.0,0.0,8.0,312.0,265.0,12.0,10.0,3.0,12.0,0.0,0.0,0.0,1564.0
baseline,none,none,off,0,16,101,1249.0,609.0,0.0,7.0,317.0,280.0,12.0,10.0,3.0,11.0,0.0,0.0,0.0,1531.0
baseline,none,none,off,0,16,102,1246.0,609.0,0.0,7.0,310.0,282.0,12.0,11.0,3.0,12.0,0.0,0.0,0.0,1533.0
baseline,none,none,off,0,16,103,1251.0,608.0,0.0,8.0,307.0,291.0,12.0,11.0,3.0,11.0,0.0,0.0,0.0,1538.0
baseline,none,none,off,0,16,104,1249.0,610.0,0.0,8.0,309.0,285.0,12.0,11.0,3.0,11.0,0.0,0.0,0.0,1532.0
baseline,none,none,off,0,16,105,1246.0,609.0,0.0,8.0,302.0,291.0,12.0,10.0,3.0,11.0,0.0,0.0,0.0,1560.0
baseline,none,none,off,0,16,106,1404.0,644.0,0.0,8.0,385.0,330.0,13.0,10.0,3.0,11.0,0.0,0.0,0.0,1682.0
baseline,none,none,off,0,16,107,1403.0,649.0,0.0,8.0,373.0,337.0,13.0,9.0,3.0,11.0,0.0,0.0,0.0,1742.0
baseline,none,none,off,0,16,108,1392.0,645.0,0.0,8.0,374.0,328.0,13.0,10.0,3.0,11.0,0.0,0.0,0.0,1688.0
baseline,none,none,off,0,16,109,1400.0,648.0,0.0,7.0,368.0,338.0,13.0,11.0,3.0,12.0,0.0,0.0,0.0,1736.0
baseline,none,none,off,0,16,110,1397.0,645.0,0.0,8.0,365.0,339.0,14.0,11.0,3.0,12.0,0.0,0.0,0.0,1746.0
baseline,none,none,off,0,16,111,1411.0,647.0,0.0,8.0,380.0,337.0,13.0,11.0,3.0,12.0,0.0,0.0,0.0,1752.0
baseline,none,none,off,0,16,112,1405.0,649.0,0.0,8.0,375.0,335.0,13.0,10.0,3.0,12.0,0.0,0.0,0.0,1741.0
baseline,none,none,off,0,16,113,1401.0,646.0,0.0,8.0,380.0,329.0,13.0,10.0,3.0,12.0,0.0,0.0,0.0,1744.0
baseline,none,none,off,0,16,114,1399.0,647.0,0.0,8.0,379.0,327.0,13.0,11.0,3.0,11.0,0.0,0.0,0.0,1757.0
baseline,none,none,off,0,16,115,1356.0,638.0,0.0,9.0,350.0,322.0,12.0,11.0,3.0,11.0,0.0,0.0,0.0,1616.0
baseline,none,none,off,0,16,116,1356.0,639.0,0.0,8.0,338.0,334.0,12.0,10.0,3.0,12.0,0.0,0.0,0.0,1640.0
baseline,none,none,off,0,16,117,1349.0,638.0,0.0,9.0,342.0,323.0,12.0,11.0,3.0,11.0,0.0,0.0,0.0,1605.0
baseline,none,none,off,0,16,118,1366.0,643.0,0.0,8.0,351.0,326.0,12.0,11.0,3.0,12.0,0.0,0.0,0.0,1630.0
baseline,none,none,off,0,16,119,1351.0,639.0,0.0,8.0,355.0,312.0,12.0,10.0,3.0,12.0,0.0,0.0,0.0,1615.0
baseline,none,none,off,0,32,0,1899.0,1206.0,0.0,16.0,321.0,285.0,24.0,22.0,3.0,22.0,0.0,0.0,0.0,2192.0
baseline,none,none,off,0,32,1,1895.0,1205.0,0.0,16.0,316.0,287.0,24.0,22.0,3.0,22.0,0.0,0.0,0.0,2183.0
baseline,none,none,off,0,32,2,2010.0,1249.0,0.0,15.0,352.0,323.0,24.0,22.0,3.0,22.0,0.0,0.0,0.0,2405.0
baseline,none,none,off,0,32,3,2014.0,1252.0,0.0,15.0,364.0,312.0,24.0,22.0,3.0,22.0,0.0,0.0,0.0,2352.0
baseline,none,none,off,0,32,4,2045.0,1263.0,0.0,15.0,370.0,325.0,24.0,23.0,3.0,22.0,0.0,0.0,0.0,2390.0
baseline,none,none,off,0,32,5,2043.0,1262.0,0.0,15.0,371.0,325.0,24.0,21.0,3.0,22.0,0.0,0.0,0.0,2383.0
baseline,none,none,off,0,32,6,2022.0,1258.0,0.0,15.0,370.0,309.0,24.0,21.0,3.0,22.0,0.0,0.0,0.0,2378.0
baseline,none,none,off,0,32,7,2020.0,1259.0,0.0,16.0,366.0,309.0,24.0,21.0,3.0,22.0,0.0,0.0,0.0,2346.0
baseline,none,none,off,0,32,8,2031.0,1259.0,0.0,15.0,370.0,317.0,24.0,21.0,3.0,22.0,0.0,0.0,0.0,2355.0
baseline,none,none,off,0,32,9,2081.0,1270.0,0.0,16.0,394.0,329.0,24.0,23.0,3.0,22.0,0.0,0.0,0.0,2426.0
baseline,none,none,off,0,32,10,2074.0,1270.0,0.0,16.0,392.0,325.0,24.0,22.0,3.0,22.0,0.0,0.0,0.0,2407.0
baseline,none,none,off,0,32,11,2083.0,1270.0,0.0,15.0,397.0,329.0,24.0,23.0,3.0,22.0,0.0,0.0,0.0,2391.0
baseline,none,none,off,0,32,12,2074.0,1270.0,0.0,16.0,391.0,325.0,24.0,23.0,3.0,22.0,0.0,0.0,0.0,2408.0
baseline,none,none,off,0,32,13,2008.0,1256.0,0.0,16.0,375.0,291.0,24.0,21.0,3.0,22.0,0.0,0.0,0.0,2299.0
baseline,none,none,off,0,32,14,2000.0,1241.0,0.0,16.0,344.0,327.0,24.0,23.0,3.0,22.0,0.0,0.0,0.0,2296.0
baseline,none,none,off,0,32,15,2036.0,1264.0,0.0,16.0,364.0,321.0,24.0,22.0,3.0,22.0,0.0,0.0,0.0,2388.0
baseline,none,none,off,0,32,16,2067.0,1270.0,0.0,15.0,385.0,326.0,24.0,22.0,3.0,22.0,0.0,0.0,0.0,2392.0
baseline,none,none,off,0,32,17,2069.0,1264.0,0.0,16.0,387.0,330.0,24.0,23.0,3.0,22.0,0.0,0.0,0.0,2393.0
baseline,none,none,off,0,32,18,2061.0,1264.0,0.0,16.0,385.0,325.0,24.0,22.0,3.0,22.0,0.0,0.0,0.0,2421.0
baseline,none,none,off,0,32,19,2059.0,1264.0,0.0,16.0,389.0,319.0,24.0,22.0,3.0,22.0,0.0,0.0,0.0,2414.0
baseline,none,none,off,0,32,100,2052.0,1261.0,0.0,16.0,368.0,336.0,24.0,23.0,3.0,21.0,0.0,0.0,0.0,2362.0
baseline,none,none,off,0,32,101,2052.0,1261.0,0.0,16.0,369.0,336.0,24.0,22.0,3.0,21.0,0.0,0.0,0.0,2382.0
baseline,none,none,off,0,32,102,2039.0,1260.0,0.0,16.0,371.0,320.0,24.0,23.0,3.0,22.0,0.0,0.0,0.0,2359.0
baseline,none,none,off,0,32,103,2054.0,1266.0,0.0,16.0,369.0,332.0,24.0,23.0,3.0,21.0,0.0,0.0,0.0,2391.0
baseline,none,none,off,0,32,104,2038.0,1258.0,0.0,16.0,366.0,326.0,24.0,23.0,3.0,22.0,0.0,0.0,0.0,2350.0
baseline,none,none,off,0,32,105,2083.0,1269.0,0.0,16.0,389.0,339.0,24.0,22.0,3.0,21.0,0.0,0.0,0.0,2363.0
baseline,none,none,off,0,32,106,2092.0,1276.0,0.0,16.0,395.0,334.0,24.0,23.0,3.0,21.0,0.0,0.0,0.0,2397.0
baseline,none,none,off,0,32,107,2081.0,1267.0,0.0,16.0,387.0,340.0,24.0,23.0,3.0,21.0,0.0,0.0,0.0,2403.0
baseline,none,none,off,0,32,108,2084.0,1269.0,0.0,16.0,387.0,341.0,24.0,23.0,3.0,21.0,0.0,0.0,0.0,2438.0
baseline,none,none,off,0,32,109,2074.0,1265.0,0.0,16.0,386.0,336.0,24.0,23.0,3.0,21.0,0.0,0.0,0.0,2442.0
baseline,none,none,off,0,32,110,2092.0,1272.0,0.0,16.0,400.0,333.0,24.0,23.0,3.0,21.0,0.0,0.0,0.0,2380.0
baseline,none,none,off,0,32,111,2077.0,1271.0,0.0,16.0,386.0,333.0,24.0,23.0,3.0,21.0,0.0,0.0,0.0,2376.0
baseline,none,none,off,0,32,112,2077.0,1269.0,0.0,16.0,391.0,330.0,24.0,23.0,3.0,21.0,0.0,0.0,0.0,2449.0
baseline,none,none,off,0,32,113,2057.0,1256.0,0.0,16.0,386.0,327.0,24.0,23.0,3.0,22.0,0.0,0.0,0.0,2392.0
baseline,none,none,off,0,32,114,2049.0,1262.0,0.0,15.0,377.0,324.0,24.0,23.0,3.0,21.0,0.0,0.0,0.0,2389.0
baseline,none,none,off,0,32,115,2066.0,1268.0,0.0,16.0,386.0,325.0,24.0,23.0,3.0,21.0,0.0,0.0,0.0,2456.0
baseline,none,none,off,0,32,116,2064.0,1260.0,0.0,17.0,376.0,340.0,24.0,23.0,3.0,21.0,0.0,0.0,0.0,2403.0
baseline,none,none,off,0,32,117,2053.0,1261.0,0.0,16.0,378.0,329.0,24.0,21.0,3.0,21.0,0.0,0.0,0.0,2419.0
baseline,none,none,off,0,32,118,2057.0,1266.0,0.0,16.0,374.0,331.0,24.0,22.0,3.0,21.0,0.0,0.0,0.0,2339.0
baseline,none,none,off,0,32,119,2066.0,1262.0,0.0,16.0,383.0,334.0,24.0,23.0,3.0,21.0,0.0,0.0,0.0,2458.0
baseline,none,none,on,0,4,0,541.0,174.0,0.0,2.0,183.0,175.0,3.0,0.0,0.0,4.0,8.0,153.0,190.0,713.0
baseline,none,none,on,0,4,1,539.0,172.0,0.0,2.0,184.0,174.0,3.0,0.0,0.0,4.0,10.0,153.0,190.0,832.0
baseline,none,none,on,0,4,2,542.0,172.0,0.0,2.0,182.0,178.0,4.0,0.0,0.0,4.0,10.0,154.0,191.0,829.0
baseline,none,none,on,0,4,3,549.0,173.0,0.0,1.0,185.0,183.0,3.0,0.0,0.0,4.0,9.0,162.0,190.0,808.0
baseline,none,none,on,0,4,4,547.0,172.0,0.0,2.0,181.0,184.0,4.0,0.0,0.0,4.0,8.0,159.0,190.0,780.0
baseline,none,none,on,0,4,5,536.0,173.0,0.0,2.0,180.0,174.0,3.0,0.0,0.0,4.0,10.0,148.0,190.0,818.0
baseline,none,none,on,0,4,6,542.0,171.0,0.0,1.0,186.0,176.0,4.0,0.0,0.0,4.0,9.0,156.0,190.0,785.0
baseline,none,none,on,0,4,7,534.0,171.0,0.0,2.0,179.0,175.0,3.0,0.0,0.0,4.0,9.0,147.0,190.0,725.0
baseline,none,none,on,0,4,8,540.0,171.0,0.0,1.0,180.0,180.0,4.0,0.0,0.0,4.0,9.0,155.0,190.0,815.0
baseline,none,none,on,0,4,9,536.0,171.0,0.0,2.0,179.0,177.0,3.0,0.0,0.0,4.0,8.0,149.0,190.0,790.0
baseline,none,none,on,0,4,10,540.0,171.0,0.0,1.0,181.0,180.0,3.0,0.0,0.0,4.0,9.0,154.0,190.0,809.0
baseline,none,none,on,0,4,11,532.0,170.0,0.0,2.0,180.0,173.0,3.0,0.0,0.0,4.0,10.0,147.0,191.0,801.0
baseline,none,none,on,0,4,12,535.0,170.0,0.0,1.0,179.0,178.0,3.0,0.0,0.0,4.0,9.0,151.0,190.0,816.0
baseline,none,none,on,0,4,13,536.0,170.0,0.0,1.0,182.0,175.0,4.0,0.0,0.0,4.0,8.0,150.0,190.0,781.0
baseline,none,none,on,0,4,14,528.0,170.0,0.0,1.0,179.0,171.0,3.0,0.0,0.0,4.0,10.0,144.0,190.0,785.0
baseline,none,none,on,0,4,15,536.0,169.0,0.0,1.0,181.0,177.0,4.0,0.0,0.0,4.0,10.0,152.0,190.0,775.0
baseline,none,none,on,0,4,16,532.0,168.0,0.0,2.0,177.0,178.0,3.0,0.0,0.0,4.0,10.0,149.0,190.0,803.0
baseline,none,none,on,0,4,17,535.0,170.0,0.0,1.0,179.0,177.0,4.0,0.0,0.0,4.0,9.0,150.0,190.0,784.0
baseline,none,none,on,0,4,18,529.0,168.0,0.0,1.0,180.0,173.0,3.0,0.0,0.0,4.0,9.0,147.0,190.0,784.0
baseline,none,none,on,0,4,19,645.0,180.0,0.0,2.0,229.0,226.0,4.0,0.0,0.0,4.0,9.0,251.0,190.0,964.0
baseline,none,none,on,0,4,100,391.0,150.0,0.0,1.0,131.0,101.0,4.0,0.0,0.0,4.0,9.0,26.0,191.0,655.0
baseline,none,none,on,0,4,101,392.0,150.0,0.0,1.0,132.0,102.0,3.0,0.0,0.0,4.0,9.0,28.0,191.0,657.0
baseline,none,none,on,0,4,102,394.0,151.0,0.0,1.0,132.0,102.0,4.0,0.0,0.0,4.0,9.0,27.0,191.0,657.0
baseline,none,none,on,0,4,103,393.0,150.0,0.0,1.0,132.0,102.0,4.0,0.0,0.0,4.0,9.0,27.0,191.0,656.0
baseline,none,none,on,0,4,104,393.0,151.0,0.0,1.0,131.0,102.0,4.0,0.0,0.0,4.0,9.0,28.0,190.0,657.0
baseline,none,none,on,0,4,105,391.0,149.0,0.0,1.0,131.0,103.0,3.0,0.0,0.0,4.0,8.0,27.0,192.0,704.0
baseline,none,none,on,0,4,106,391.0,150.0,0.0,1.0,131.0,102.0,3.0,0.0,0.0,4.0,10.0,27.0,192.0,664.0
baseline,none,none,on,0,4,107,392.0,149.0,0.0,1.0,132.0,103.0,3.0,0.0,0.0,4.0,9.0,28.0,191.0,659.0
baseline,none,none,on,0,4,108,392.0,150.0,0.0,1.0,131.0,103.0,3.0,0.0,0.0,4.0,8.0,27.0,191.0,660.0
baseline,none,none,on,0,4,109,392.0,150.0,0.0,1.0,131.0,102.0,4.0,0.0,0.0,4.0,8.0,26.0,191.0,658.0
baseline,none,none,on,0,4,110,392.0,149.0,0.0,1.0,132.0,102.0,4.0,0.0,0.0,4.0,9.0,27.0,191.0,658.0
baseline,none,none,on,0,4,111,395.0,151.0,0.0,1.0,131.0,104.0,4.0,0.0,0.0,4.0,9.0,29.0,192.0,585.0
baseline,none,none,on,0,4,112,517.0,167.0,0.0,1.0,177.0,164.0,4.0,0.0,0.0,4.0,9.0,135.0,190.0,789.0
baseline,none,none,on,0,4,113,498.0,165.0,0.0,1.0,173.0,152.0,3.0,0.0,0.0,4.0,10.0,119.0,190.0,786.0
baseline,none,none,on,0,4,114,497.0,166.0,0.0,1.0,171.0,152.0,3.0,0.0,0.0,4.0,8.0,117.0,190.0,716.0
baseline,none,none,on,0,4,115,507.0,164.0,0.0,2.0,175.0,160.0,3.0,0.0,0.0,3.0,10.0,130.0,190.0,788.0
baseline,none,none,on,0,4,116,500.0,163.0,0.0,2.0,174.0,153.0,4.0,0.0,0.0,4.0,9.0,120.0,191.0,671.0
baseline,none,none,on,0,4,117,496.0,164.0,0.0,1.0,173.0,150.0,4.0,0.0,0.0,4.0,9.0,116.0,190.0,788.0
baseline,none,none,on,0,4,118,507.0,166.0,0.0,2.0,175.0,156.0,4.0,0.0,0.0,4.0,9.0,125.0,190.0,787.0
baseline,none,none,on,0,4,119,492.0,163.0,0.0,1.0,172.0,149.0,3.0,0.0,0.0,4.0,9.0,116.0,190.0,789.0
baseline,none,none,on,0,8,0,555.0,300.0,0.0,4.0,131.0,101.0,8.0,4.0,2.0,5.0,9.0,25.0,192.0,780.0
baseline,none,none,on,0,8,1,558.0,302.0,0.0,3.0,131.0,103.0,8.0,4.0,2.0,5.0,8.0,26.0,192.0,808.0
baseline,none,none,on,0,8,2,557.0,300.0,0.0,4.0,133.0,101.0,8.0,4.0,2.0,5.0,8.0,27.0,191.0,776.0
baseline,none,none,on,0,8,3,557.0,301.0,0.0,3.0,131.0,102.0,8.0,4.0,2.0,6.0,8.0,26.0,191.0,773.0
baseline,none,none,on,0,8,4,560.0,302.0,0.0,4.0,133.0,102.0,8.0,4.0,2.0,5.0,9.0,26.0,191.0,771.0
baseline,none,none,on,0,8,5,558.0,302.0,0.0,3.0,133.0,102.0,7.0,4.0,2.0,5.0,9.0,25.0,192.0,770.0
baseline,none,none,on,0,8,6,560.0,301.0,0.0,4.0,133.0,103.0,8.0,4.0,2.0,5.0,9.0,27.0,191.0,766.0
baseline,none,none,on,0,8,7,556.0,300.0,0.0,4.0,132.0,101.0,8.0,4.0,2.0,5.0,10.0,25.0,192.0,780.0
baseline,none,none,on,0,8,8,561.0,302.0,0.0,4.0,132.0,103.0,8.0,4.0,2.0,6.0,9.0,27.0,192.0,768.0
baseline,none,none,on,0,8,9,554.0,301.0,0.0,3.0,132.0,100.0,7.0,4.0,2.0,5.0,9.0,24.0,192.0,798.0
baseline,none,none,on,0,8,10,559.0,302.0,0.0,4.0,133.0,101.0,8.0,4.0,2.0,5.0,10.0,26.0,191.0,768.0
baseline,none,none,on,0,8,11,557.0,300.0,0.0,4.0,133.0,101.0,8.0,4.0,2.0,5.0,10.0,26.0,192.0,770.0
baseline,none,none,on,0,8,12,592.0,305.0,0.0,4.0,133.0,131.0,8.0,4.0,2.0,5.0,8.0,55.0,192.0,848.0
baseline,none,none,on,0,8,13,691.0,327.0,0.0,4.0,183.0,158.0,8.0,4.0,2.0,5.0,10.0,135.0,191.0,991.0
baseline,none,none,on,0,8,14,688.0,326.0,0.0,3.0,182.0,158.0,8.0,4.0,2.0,5.0,9.0,134.0,190.0,1005.0
baseline,none,none,on,0,8,15,690.0,326.0,0.0,4.0,182.0,159.0,8.0,4.0,2.0,5.0,9.0,135.0,190.0,876.0
baseline,none,none,on,0,8,16,691.0,324.0,0.0,3.0,181.0,164.0,8.0,4.0,2.0,5.0,8.0,138.0,190.0,954.0
baseline,none,none,on,0,8,17,691.0,323.0,0.0,3.0,183.0,163.0,8.0,4.0,2.0,5.0,10.0,139.0,190.0,994.0
baseline,none,none,on,0,8,18,685.0,325.0,0.0,3.0,181.0,157.0,8.0,4.0,2.0,5.0,9.0,132.0,190.0,962.0
baseline,none,none,on,0,8,19,687.0,326.0,0.0,3.0,180.0,159.0,8.0,4.0,2.0,5.0,9.0,133.0,190.0,964.0
baseline,none,none,on,0,8,100,561.0,302.0,0.0,3.0,133.0,103.0,8.0,4.0,3.0,5.0,9.0,27.0,191.0,769.0
baseline,none,none,on,0,8,101,559.0,301.0,0.0,3.0,133.0,102.0,8.0,4.0,3.0,5.0,8.0,27.0,191.0,769.0
baseline,none,none,on,0,8,102,559.0,302.0,0.0,3.0,132.0,102.0,7.0,4.0,3.0,6.0,10.0,27.0,191.0,768.0
baseline,none,none,on,0,8,103,556.0,299.0,0.0,3.0,132.0,102.0,8.0,4.0,3.0,5.0,8.0,26.0,191.0,767.0
baseline,none,none,on,0,8,104,561.0,303.0,0.0,3.0,132.0,102.0,8.0,4.0,3.0,6.0,10.0,28.0,191.0,768.0
baseline,none,none,on,0,8,105,557.0,302.0,0.0,3.0,131.0,102.0,8.0,4.0,2.0,5.0,9.0,25.0,192.0,775.0
baseline,none,none,on,0,8,106,560.0,303.0,0.0,3.0,132.0,102.0,8.0,4.0,3.0,5.0,10.0,27.0,192.0,766.0
baseline,none,none,on,0,8,107,558.0,299.0,0.0,4.0,133.0,102.0,8.0,4.0,3.0,5.0,10.0,27.0,191.0,773.0
baseline,none,none,on,0,8,108,559.0,304.0,0.0,3.0,132.0,101.0,8.0,4.0,3.0,4.0,10.0,25.0,192.0,769.0
baseline,none,none,on,0,8,109,559.0,302.0,0.0,3.0,133.0,102.0,8.0,4.0,2.0,5.0,9.0,27.0,191.0,778.0
baseline,none,none,on,0,8,110,561.0,302.0,0.0,3.0,137.0,100.0,7.0,4.0,3.0,5.0,10.0,29.0,192.0,774.0
baseline,none,none,on,0,8,111,584.0,299.0,0.0,3.0,133.0,130.0,8.0,4.0,2.0,5.0,10.0,55.0,192.0,846.0
baseline,none,none,on,0,8,112,662.0,320.0,0.0,4.0,162.0,156.0,8.0,4.0,3.0,5.0,9.0,111.0,191.0,929.0
baseline,none,none,on,0,8,113,662.0,322.0,0.0,3.0,161.0,156.0,8.0,4.0,3.0,5.0,9.0,109.0,191.0,969.0
baseline,none,none,on,0,8,114,664.0,322.0,0.0,4.0,163.0,155.0,8.0,4.0,3.0,5.0,9.0,111.0,190.0,855.0
baseline,none,none,on,0,8,115,660.0,318.0,0.0,4.0,163.0,156.0,8.0,4.0,3.0,4.0,9.0,112.0,190.0,914.0
baseline,none,none,on,0,8,116,664.0,320.0,0.0,4.0,164.0,156.0,8.0,4.0,3.0,5.0,9.0,113.0,190.0,916.0
baseline,none,none,on,0,8,117,663.0,321.0,0.0,3.0,163.0,157.0,8.0,4.0,3.0,4.0,8.0,113.0,190.0,957.0
baseline,none,none,on,0,8,118,673.0,324.0,0.0,4.0,164.0,162.0,8.0,4.0,3.0,4.0,9.0,120.0,191.0,952.0
baseline,none,none,on,0,8,119,659.0,320.0,0.0,4.0,164.0,152.0,8.0,4.0,3.0,4.0,9.0,110.0,191.0,950.0
baseline,none,none,on,0,16,0,870.0,598.0,0.0,8.0,131.0,100.0,12.0,8.0,3.0,10.0,9.0,24.0,192.0,1141.0
baseline,none,none,on,0,16,1,870.0,597.0,0.0,8.0,131.0,102.0,11.0,8.0,3.0,10.0,9.0,26.0,191.0,1121.0
baseline,none,none,on,0,16,2,872.0,599.0,0.0,7.0,131.0,102.0,12.0,8.0,3.0,10.0,9.0,26.0,192.0,1147.0
baseline,none,none,on,0,16,3,871.0,599.0,0.0,7.0,131.0,102.0,11.0,8.0,3.0,10.0,10.0,26.0,191.0,1097.0
baseline,none,none,on,0,16,4,873.0,599.0,0.0,8.0,131.0,102.0,12.0,8.0,3.0,10.0,10.0,26.0,192.0,1138.0
baseline,none,none,on,0,16,5,1040.0,632.0,0.0,8.0,178.0,189.0,12.0,8.0,3.0,10.0,9.0,160.0,190.0,1270.0
baseline,none,none,on,0,16,6,1045.0,634.0,0.0,8.0,183.0,188.0,11.0,8.0,3.0,10.0,10.0,164.0,191.0,1349.0
baseline,none,none,on,0,16,7,1034.0,630.0,0.0,8.0,180.0,183.0,12.0,8.0,3.0,10.0,9.0,156.0,191.0,1364.0
baseline,none,none,on,0,16,8,1043.0,637.0,0.0,8.0,178.0,187.0,12.0,8.0,3.0,10.0,9.0,158.0,190.0,1332.0
baseline,none,none,on,0,16,9,1042.0,636.0,0.0,8.0,178.0,187.0,12.0,8.0,3.0,10.0,9.0,158.0,191.0,1271.0
baseline,none,none,on,0,16,10,1037.0,632.0,0.0,8.0,182.0,182.0,12.0,8.0,3.0,10.0,9.0,157.0,190.0,1354.0
baseline,none,none,on,0,16,11,1041.0,633.0,0.0,8.0,181.0,186.0,12.0,8.0,3.0,10.0,8.0,161.0,190.0,1348.0
baseline,none,none,on,0,16,12,1030.0,632.0,0.0,8.0,180.0,177.0,12.0,8.0,3.0,10.0,9.0,152.0,191.0,1285.0
baseline,none,none,on,0,16,13,1044.0,644.0,0.0,8.0,177.0,182.0,12.0,8.0,3.0,10.0,9.0,153.0,190.0,1249.0
baseline,none,none,on,0,16,14,1050.0,640.0,0.0,8.0,185.0,184.0,12.0,8.0,3.0,10.0,9.0,163.0,190.0,1304.0
baseline,none,none,on,0,16,15,1035.0,633.0,0.0,8.0,180.0,181.0,12.0,8.0,3.0,10.0,9.0,156.0,190.0,1342.0
baseline,none,none,on,0,16,16,1127.0,645.0,0.0,8.0,202.0,239.0,12.0,8.0,3.0,10.0,8.0,234.0,190.0,1372.0
baseline,none,none,on,0,16,17,1167.0,665.0,0.0,7.0,225.0,237.0,12.0,8.0,3.0,10.0,10.0,256.0,190.0,1505.0
baseline,none,none,on,0,16,18,1169.0,661.0,0.0,8.0,232.0,235.0,12.0,8.0,3.0,10.0,8.0,260.0,190.0,1486.0
baseline,none,none,on,0,16,19,1164.0,662.0,0.0,8.0,223.0,238.0,12.0,8.0,3.0,10.0,9.0,253.0,190.0,1436.0
baseline,none,none,on,0,16,100,872.0,597.0,0.0,7.0,134.0,101.0,12.0,8.0,3.0,10.0,9.0,27.0,191.0,1106.0
baseline,none,none,on,0,16,101,870.0,597.0,0.0,7.0,133.0,100.0,12.0,8.0,3.0,10.0,8.0,26.0,191.0,1111.0
baseline,none,none,on,0,16,102,865.0,592.0,0.0,7.0,131.0,102.0,12.0,8.0,3.0,10.0,10.0,26.0,191.0,1097.0
baseline,none,none,on,0,16,103,875.0,599.0,0.0,8.0,133.0,102.0,12.0,8.0,3.0,10.0,9.0,28.0,191.0,1099.0
baseline,none,none,on,0,16,104,870.0,596.0,0.0,8.0,133.0,100.0,12.0,8.0,3.0,10.0,9.0,25.0,191.0,1100.0
baseline,none,none,on,0,16,105,871.0,597.0,0.0,8.0,132.0,101.0,12.0,8.0,3.0,10.0,9.0,24.0,192.0,1096.0
baseline,none,none,on,0,16,106,872.0,598.0,0.0,8.0,132.0,101.0,12.0,8.0,3.0,10.0,9.0,27.0,191.0,1095.0
baseline,none,none,on,0,16,107,869.0,594.0,0.0,8.0,133.0,101.0,12.0,8.0,3.0,10.0,10.0,28.0,191.0,1105.0
baseline,none,none,on,0,16,108,872.0,596.0,0.0,8.0,132.0,103.0,12.0,8.0,3.0,10.0,10.0,28.0,192.0,1105.0
baseline,none,none,on,0,16,109,964.0,613.0,0.0,7.0,152.0,159.0,12.0,8.0,3.0,10.0,9.0,103.0,191.0,1176.0
baseline,none,none,on,0,16,110,1002.0,631.0,0.0,8.0,170.0,160.0,12.0,8.0,3.0,10.0,10.0,123.0,190.0,1231.0
baseline,none,none,on,0,16,111,996.0,624.0,0.0,8.0,172.0,159.0,12.0,8.0,3.0,10.0,9.0,123.0,190.0,1326.0
baseline,none,none,on,0,16,112,988.0,625.0,0.0,8.0,170.0,152.0,12.0,8.0,3.0,10.0,10.0,115.0,191.0,1307.0
baseline,none,none,on,0,16,113,989.0,628.0,0.0,8.0,164.0,156.0,12.0,8.0,3.0,10.0,9.0,113.0,191.0,1213.0
baseline,none,none,on,0,16,114,984.0,626.0,0.0,8.0,165.0,152.0,12.0,8.0,3.0,10.0,9.0,108.0,190.0,1192.0
baseline,none,none,on,0,16,115,987.0,628.0,0.0,8.0,166.0,152.0,12.0,8.0,3.0,10.0,10.0,109.0,191.0,1193.0
baseline,none,none,on,0,16,116,987.0,630.0,0.0,8.0,164.0,152.0,12.0,8.0,3.0,10.0,9.0,110.0,191.0,1192.0
baseline,none,none,on,0,16,117,987.0,627.0,0.0,8.0,165.0,154.0,12.0,8.0,3.0,10.0,10.0,112.0,191.0,1316.0
baseline,none,none,on,0,16,118,990.0,633.0,0.0,8.0,165.0,151.0,12.0,8.0,3.0,10.0,10.0,110.0,190.0,1197.0
baseline,none,none,on,0,16,119,984.0,627.0,0.0,8.0,164.0,152.0,12.0,8.0,3.0,10.0,8.0,110.0,190.0,1300.0
baseline,none,none,on,0,32,0,1513.0,1196.0,0.0,14.0,132.0,103.0,23.0,20.0,4.0,21.0,8.0,27.0,192.0,1766.0
baseline,none,none,on,0,32,1,1513.0,1195.0,0.0,14.0,133.0,103.0,23.0,20.0,4.0,21.0,10.0,29.0,192.0,1754.0
baseline,none,none,on,0,32,2,1615.0,1243.0,0.0,14.0,144.0,147.0,22.0,20.0,4.0,21.0,8.0,84.0,190.0,1918.0
baseline,none,none,on,0,32,3,1632.0,1253.0,0.0,14.0,147.0,150.0,23.0,20.0,4.0,21.0,8.0,89.0,191.0,1886.0
baseline,none,none,on,0,32,4,1624.0,1251.0,0.0,14.0,150.0,142.0,22.0,20.0,4.0,21.0,8.0,86.0,190.0,1974.0
baseline,none,none,on,0,32,5,1624.0,1245.0,0.0,14.0,148.0,150.0,22.0,20.0,4.0,21.0,9.0,91.0,190.0,1877.0
baseline,none,none,on,0,32,6,1623.0,1249.0,0.0,14.0,151.0,142.0,22.0,20.0,4.0,21.0,10.0,88.0,190.0,1949.0
baseline,none,none,on,0,32,7,1635.0,1260.0,0.0,14.0,148.0,146.0,22.0,20.0,4.0,21.0,8.0,86.0,190.0,1873.0
baseline,none,none,on,0,32,8,1648.0,1273.0,0.0,14.0,152.0,142.0,22.0,20.0,4.0,21.0,9.0,87.0,190.0,1960.0
baseline,none,none,on,0,32,9,1643.0,1268.0,0.0,14.0,152.0,142.0,22.0,20.0,4.0,21.0,10.0,87.0,190.0,2029.0
baseline,none,none,on,0,32,10,1702.0,1274.0,0.0,14.0,172.0,174.0,23.0,20.0,4.0,21.0,9.0,139.0,191.0,1945.0
baseline,none,none,on,0,32,11,1693.0,1269.0,0.0,14.0,172.0,170.0,23.0,20.0,4.0,21.0,9.0,136.0,190.0,1945.0
baseline,none,none,on,0,32,12,1670.0,1251.0,0.0,14.0,169.0,168.0,23.0,20.0,4.0,21.0,8.0,130.0,190.0,1994.0
baseline,none,none,on,0,32,13,1665.0,1244.0,0.0,14.0,171.0,168.0,23.0,20.0,4.0,21.0,9.0,132.0,190.0,1924.0
baseline,none,none,on,0,32,14,1681.0,1261.0,0.0,14.0,173.0,165.0,23.0,20.0,4.0,21.0,8.0,130.0,190.0,2015.0
baseline,none,none,on,0,32,15,1672.0,1257.0,0.0,14.0,166.0,167.0,23.0,20.0,4.0,21.0,9.0,126.0,190.0,2018.0
baseline,none,none,on,0,32,16,1677.0,1260.0,0.0,14.0,166.0,169.0,23.0,20.0,4.0,21.0,9.0,128.0,191.0,2013.0
baseline,none,none,on,0,32,17,1678.0,1261.0,0.0,14.0,171.0,164.0,23.0,20.0,4.0,21.0,10.0,129.0,190.0,2025.0
baseline,none,none,on,0,32,18,1677.0,1262.0,0.0,14.0,170.0,163.0,23.0,20.0,4.0,21.0,9.0,125.0,191.0,2021.0
baseline,none,none,on,0,32,19,1666.0,1255.0,0.0,14.0,170.0,159.0,23.0,20.0,4.0,21.0,10.0,122.0,190.0,1977.0
baseline,none,none,on,0,32,100,1514.0,1199.0,0.0,14.0,131.0,103.0,23.0,20.0,4.0,20.0,9.0,28.0,191.0,1754.0
baseline,none,none,on,0,32,101,1514.0,1198.0,0.0,14.0,131.0,103.0,23.0,20.0,4.0,21.0,9.0,27.0,191.0,1858.0
baseline,none,none,on,0,32,102,1512.0,1198.0,0.0,14.0,131.0,103.0,22.0,20.0,4.0,20.0,10.0,27.0,192.0,1838.0
baseline,none,none,on,0,32,103,1515.0,1197.0,0.0,15.0,131.0,104.0,23.0,20.0,4.0,21.0,10.0,27.0,192.0,1860.0
baseline,none,none,on,0,32,104,1666.0,1246.0,0.0,14.0,160.0,179.0,23.0,20.0,4.0,20.0,8.0,132.0,190.0,1916.0
baseline,none,none,on,0,32,105,1713.0,1262.0,0.0,15.0,189.0,179.0,23.0,20.0,4.0,21.0,8.0,162.0,190.0,2010.0
baseline,none,none,on,0,32,106,1692.0,1256.0,0.0,15.0,180.0,173.0,23.0,20.0,4.0,21.0,10.0,146.0,190.0,2010.0
baseline,none,none,on,0,32,107,1700.0,1261.0,0.0,15.0,187.0,170.0,23.0,20.0,4.0,20.0,9.0,151.0,190.0,1993.0
baseline,none,none,on,0,32,108,1695.0,1262.0,0.0,15.0,180.0,171.0,23.0,20.0,4.0,20.0,9.0,145.0,190.0,1981.0
baseline,none,none,on,0,32,109,1702.0,1256.0,0.0,15.0,186.0,178.0,23.0,20.0,4.0,20.0,10.0,157.0,190.0,1987.0
baseline,none,none,on,0,32,110,1701.0,1265.0,0.0,15.0,186.0,168.0,23.0,20.0,4.0,20.0,10.0,149.0,189.0,2009.0
baseline,none,none,on,0,32,111,1676.0,1257.0,0.0,15.0,185.0,153.0,22.0,20.0,4.0,20.0,10.0,132.0,190.0,2014.0
baseline,none,none,on,0,32,112,1623.0,1247.0,0.0,15.0,153.0,141.0,23.0,20.0,4.0,20.0,10.0,87.0,191.0,1978.0
baseline,none,none,on,0,32,113,1633.0,1248.0,0.0,15.0,152.0,151.0,22.0,20.0,4.0,21.0,10.0,96.0,190.0,1883.0
baseline,none,none,on,0,32,114,1625.0,1248.0,0.0,15.0,150.0,145.0,22.0,20.0,4.0,21.0,9.0,87.0,190.0,1984.0
baseline,none,none,on,0,32,115,1629.0,1249.0,0.0,15.0,153.0,146.0,22.0,20.0,4.0,20.0,10.0,92.0,190.0,1882.0
baseline,none,none,on,0,32,116,1623.0,1249.0,0.0,14.0,152.0,142.0,22.0,20.0,4.0,20.0,9.0,87.0,190.0,1865.0
baseline,none,none,on,0,32,117,1615.0,1236.0,0.0,16.0,155.0,142.0,22.0,20.0,4.0,20.0,8.0,89.0,190.0,1894.0
baseline,none,none,on,0,32,118,1584.0,1239.0,0.0,14.0,139.0,124.0,23.0,20.0,4.0,21.0,9.0,56.0,191.0,1910.0
baseline,none,none,on,0,32,119,1593.0,1236.0,0.0,14.0,138.0,138.0,22.0,20.0,4.0,21.0,9.0,69.0,191.0,1852.0
lut-exp,none,none,off,0,4,0,813.0,118.0,0.0,3.0,345.0,335.0,4.0,2.0,2.0,4.0,0.0,0.0,0.0,1100.0
lut-exp,none,none,off,0,4,1,822.0,117.0,0.0,3.0,359.0,331.0,4.0,2.0,2.0,4.0,0.0,0.0,0.0,1100.0
lut-exp,none,none,off,0,4,2,822.0,117.0,0.0,3.0,358.0,332.0,4.0,2.0,2.0,4.0,0.0,0.0,0.0,1068.0
lut-exp,none,none,off,0,4,3,819.0,117.0,0.0,2.0,359.0,329.0,4.0,2.0,2.0,4.0,0.0,0.0,0.0,1109.0
lut-exp,none,none,off,0,4,4,820.0,119.0,0.0,3.0,358.0,328.0,4.0,2.0,2.0,4.0,0.0,0.0,0.0,1088.0
lut-exp,none,none,off,0,4,5,820.0,116.0,0.0,3.0,355.0,334.0,4.0,2.0,2.0,4.0,0.0,0.0,0.0,1109.0
lut-exp,none,none,off,0,4,6,821.0,115.0,0.0,3.0,359.0,332.0,4.0,2.0,2.0,4.0,0.0,0.0,0.0,1131.0
lut-exp,none,none,off,0,4,7,813.0,117.0,0.0,3.0,350.0,331.0,4.0,2.0,2.0,4.0,0.0,0.0,0.0,1141.0
lut-exp,none,none,off,0,4,8,817.0,117.0,0.0,3.0,353.0,332.0,4.0,2.0,2.0,4.0,0.0,0.0,0.0,1106.0
lut-exp,none,none,off,0,4,9,813.0,117.0,0.0,3.0,349.0,332.0,4.0,2.0,2.0,4.0,0.0,0.0,0.0,1160.0
lut-exp,none,none,off,0,4,10,815.0,115.0,0.0,2.0,356.0,330.0,4.0,2.0,2.0,4.0,0.0,0.0,0.0,1114.0
lut-exp,none,none,off,0,4,11,808.0,116.0,0.0,2.0,346.0,332.0,4.0,2.0,2.0,4.0,0.0,0.0,0.0,1079.0
lut-exp,none,none,off,0,4,12,817.0,116.0,0.0,3.0,356.0,330.0,4.0,2.0,2.0,4.0,0.0,0.0,0.0,1093.0
lut-exp,none,none,off,0,4,13,792.0,137.0,0.0,2.0,250.0,391.0,4.0,2.0,2.0,4.0,0.0,0.0,0.0,1130.0
lut-exp,none,none,off,0,4,14,703.0,140.0,0.0,2.0,157.0,392.0,4.0,2.0,2.0,4.0,0.0,0.0,0.0,1023.0
lut-exp,none,none,off,0,4,15,699.0,138.0,0.0,2.0,155.0,392.0,4.0,2.0,2.0,4.0,0.0,0.0,0.0,1073.0
lut-exp,none,none,off,0,4,16,699.0,137.0,0.0,2.0,156.0,392.0,4.0,2.0,2.0,4.0,0.0,0.0,0.0,1043.0
lut-exp,none,none,off,0,4,17,696.0,139.0,0.0,3.0,154.0,388.0,4.0,2.0,2.0,4.0,0.0,0.0,0.0,1005.0
lut-exp,none,none,off,0,4,18,694.0,140.0,0.0,2.0,153.0,387.0,4.0,2.0,2.0,4.0,0.0,0.0,0.0,927.0
lut-exp,none,none,off,0,4,19,692.0,140.0,0.0,2.0,153.0,386.0,4.0,2.0,2.0,3.0,0.0,0.0,0.0,1033.0
lut-exp,none,none,off,0,4,100,677.0,86.0,0.0,2.0,295.0,281.0,4.0,2.0,3.0,4.0,0.0,0.0,0.0,986.0
lut-exp,none,none,off,0,4,101,665.0,85.0,0.0,2.0,279.0,287.0,4.0,2.0,2.0,4.0,0.0,0.0,0.0,983.0
lut-exp,none,none,off,0,4,102,668.0,86.0,0.0,2.0,288.0,280.0,4.0,2.0,2.0,4.0,0.0,0.0,0.0,1005.0
lut-exp,none,none,off,0,4,103,659.0,85.0,0.0,2.0,282.0,278.0,4.0,2.0,2.0,4.0,0.0,0.0,0.0,910.0
lut-exp,none,none,off,0,4,104,679.0,86.0,0.0,2.0,300.0,278.0,4.0,2.0,3.0,4.0,0.0,0.0,0.0,987.0
lut-exp,none,none,off,0,4,105,673.0,85.0,0.0,2.0,290.0,283.0,4.0,2.0,3.0,4.0,0.0,0.0,0.0,986.0
lut-exp,none,none,off,0,4,106,680.0,87.0,0.0,2.0,290.0,288.0,4.0,2.0,3.0,4.0,0.0,0.0,0.0,987.0
lut-exp,none,none,off,0,4,107,678.0,86.0,0.0,2.0,296.0,282.0,4.0,2.0,2.0,4.0,0.0,0.0,0.0,984.0
lut-exp,none,none,off,0,4,108,675.0,86.0,0.0,2.0,295.0,280.0,4.0,2.0,2.0,4.0,0.0,0.0,0.0,983.0
lut-exp,none,none,off,0,4,109,674.0,86.0,0.0,2.0,295.0,279.0,4.0,2.0,2.0,4.0,0.0,0.0,0.0,984.0
lut-exp,none,none,off,0,4,110,674.0,86.0,0.0,2.0,284.0,290.0,4.0,2.0,2.0,4.0,0.0,0.0,0.0,934.0
lut-exp,none,none,off,0,4,111,809.0,112.0,0.0,2.0,361.0,322.0,4.0,2.0,2.0,4.0,0.0,0.0,0.0,1065.0
lut-exp,none,none,off,0,4,112,813.0,110.0,0.0,2.0,362.0,327.0,4.0,2.0,2.0,4.0,0.0,0.0,0.0,1068.0
lut-exp,none,none,off,0,4,113,809.0,112.0,0.0,2.0,361.0,321.0,4.0,2.0,3.0,4.0,0.0,0.0,0.0,1077.0
lut-exp,none,none,off,0,4,114,808.0,111.0,0.0,2.0,360.0,323.0,4.0,2.0,2.0,4.0,0.0,0.0,0.0,1050.0
lut-exp,none,none,off,0,4,115,815.0,112.0,0.0,2.0,364.0,324.0,4.0,2.0,3.0,4.0,0.0,0.0,0.0,1168.0
lut-exp,none,none,off,0,4,116,798.0,111.0,0.0,2.0,350.0,323.0,4.0,2.0,2.0,4.0,0.0,0.0,0.0,1100.0
lut-exp,none,none,off,0,4,117,801.0,110.0,0.0,2.0,355.0,322.0,4.0,2.0,2.0,4.0,0.0,0.0,0.0,1102.0
lut-exp,none,none,off,0,4,118,805.0,110.0,0.0,2.0,358.0,323.0,4.0,2.0,2.0,4.0,0.0,0.0,0.0,1108.0
lut-exp,none,none,off,0,4,119,799.0,111.0,0.0,2.0,346.0,327.0,4.0,2.0,3.0,4.0,0.0,0.0,0.0,1069.0
lut-exp,none,none,off,0,8,0,789.0,162.0,0.0,4.0,317.0,283.0,8.0,7.0,2.0,6.0,0.0,0.0,0.0,1100.0
lut-exp,none,none,off,0,8,1,760.0,161.0,0.0,4.0,315.0,257.0,8.0,7.0,2.0,6.0,0.0,0.0,0.0,1010.0
lut-exp,none,none,off,0,8,2,768.0,163.0,0.0,4.0,306.0,271.0,8.0,7.0,3.0,6.0,0.0,0.0,0.0,1104.0
lut-exp,none,none,off,0,8,3,759.0,164.0,0.0,4.0,295.0,273.0,8.0,6.0,3.0,6.0,0.0,0.0,0.0,1005.0
lut-exp,none,none,off,0,8,4,782.0,159.0,0.0,4.0,317.0,279.0,8.0,6.0,3.0,6.0,0.0,0.0,0.0,1114.0
lut-exp,none,none,off,0,8,5,767.0,164.0,0.0,4.0,312.0,263.0,8.0,7.0,3.0,6.0,0.0,0.0,0.0,1007.0
lut-exp,none,none,off,0,8,6,767.0,226.0,0.0,4.0,163.0,351.0,8.0,6.0,3.0,6.0,0.0,0.0,0.0,1124.0
lut-exp,none,none,off,0,8,7,769.0,231.0,0.0,4.0,162.0,350.0,8.0,6.0,2.0,6.0,0.0,0.0,0.0,1058.0
lut-exp,none,none,off,0,8,8,770.0,228.0,0.0,4.0,162.0,352.0,8.0,7.0,3.0,6.0,0.0,0.0,0.0,1017.0
lut-exp,none,none,off,0,8,9,768.0,228.0,0.0,4.0,162.0,351.0,8.0,6.0,3.0,6.0,0.0,0.0,0.0,1036.0
lut-exp,none,none,off,0,8,10,766.0,225.0,0.0,4.0,160.0,353.0,8.0,7.0,3.0,6.0,0.0,0.0,0.0,1082.0
lut-exp,none,none,off,0,8,11,763.0,225.0,0.0,4.0,160.0,352.0,8.0,6.0,2.0,6.0,0.0,0.0,0.0,1059.0
lut-exp,none,none,off,0,8,12,765.0,229.0,0.0,4.0,160.0,349.0,8.0,6.0,3.0,6.0,0.0,0.0,0.0,1117.0
lut-exp,none,none,off,0,8,13,764.0,226.0,0.0,4.0,158.0,353.0,8.0,6.0,3.0,6.0,0.0,0.0,0.0,1038.0
lut-exp,none,none,off,0,8,14,764.0,227.0,0.0,4.0,159.0,351.0,8.0,6.0,3.0,6.0,0.0,0.0,0.0,1048.0
lut-exp,none,none,off,0,8,15,761.0,226.0,0.0,4.0,159.0,349.0,8.0,6.0,3.0,6.0,0.0,0.0,0.0,1064.0
lut-exp,none,none,off,0,8,16,763.0,229.0,0.0,4.0,158.0,349.0,8.0,6.0,3.0,6.0,0.0,0.0,0.0,1048.0
lut-exp,none,none,off,0,8,17,893.0,225.0,0.0,4.0,291.0,351.0,8.0,6.0,2.0,6.0,0.0,0.0,0.0,1177.0
lut-exp,none,none,off,0,8,18,883.0,221.0,0.0,4.0,284.0,352.0,8.0,6.0,2.0,6.0,0.0,0.0,0.0,1176.0
lut-exp,none,none,off,0,8,19,888.0,222.0,0.0,4.0,288.0,351.0,8.0,7.0,2.0,6.0,0.0,0.0,0.0,1208.0
lut-exp,none,none,off,0,8,100,861.0,178.0,0.0,4.0,348.0,308.0,8.0,6.0,3.0,6.0,0.0,0.0,0.0,1131.0
lut-exp,none,none,off,0,8,101,874.0,190.0,0.0,4.0,349.0,309.0,8.0,6.0,2.0,6.0,0.0,0.0,0.0,1133.0
lut-exp,none,none,off,0,8,102,864.0,178.0,0.0,4.0,349.0,310.0,8.0,6.0,3.0,6.0,0.0,0.0,0.0,1125.0
lut-exp,none,none,off,0,8,103,890.0,194.0,0.0,4.0,357.0,312.0,8.0,6.0,3.0,6.0,0.0,0.0,0.0,1171.0
lut-exp,none,none,off,0,8,104,919.0,195.0,0.0,4.0,370.0,327.0,8.0,6.0,3.0,6.0,0.0,0.0,0.0,1185.0
lut-exp,none,none,off,0,8,105,915.0,196.0,0.0,4.0,369.0,323.0,8.0,6.0,3.0,6.0,0.0,0.0,0.0,1189.0
lut-exp,none,none,off,0,8,106,911.0,196.0,0.0,4.0,362.0,326.0,8.0,6.0,3.0,6.0,0.0,0.0,0.0,1187.0
lut-exp,none,none,off,0,8,107,910.0,191.0,0.0,4.0,368.0,324.0,8.0,6.0,3.0,6.0,0.0,0.0,0.0,1171.0
lut-exp,none,none,off,0,8,108,903.0,192.0,0.0,4.0,363.0,321.0,8.0,6.0,3.0,6.0,0.0,0.0,0.0,1248.0
lut-exp,none,none,off,0,8,109,905.0,191.0,0.0,4.0,365.0,322.0,8.0,6.0,3.0,6.0,0.0,0.0,0.0,1231.0
lut-exp,none,none,off,0,8,110,900.0,190.0,0.0,4.0,362.0,321.0,8.0,6.0,3.0,6.0,0.0,0.0,0.0,1205.0
lut-exp,none,none,off,0,8,111,906.0,193.0,0.0,4.0,359.0,327.0,8.0,6.0,3.0,6.0,0.0,0.0,0.0,1205.0
lut-exp,none,none,off,0,8,112,895.0,190.0,0.0,4.0,360.0,318.0,8.0,6.0,3.0,6.0,0.0,0.0,0.0,1203.0
lut-exp,none,none,off,0,8,113,903.0,193.0,0.0,4.0,359.0,324.0,8.0,6.0,3.0,6.0,0.0,0.0,0.0,1200.0
lut-exp,none,none,off,0,8,114,909.0,194.0,0.0,4.0,368.0,320.0,8.0,6.0,3.0,6.0,0.0,0.0,0.0,1198.0
lut-exp,none,none,off,0,8,115,906.0,189.0,0.0,4.0,370.0,320.0,8.0,6.0,3.0,6.0,0.0,0.0,0.0,1262.0
lut-exp,none,none,off,0,8,116,900.0,190.0,0.0,4.0,365.0,319.0,8.0,6.0,2.0,6.0,0.0,0.0,0.0,1242.0
lut-exp,none,none,off,0,8,117,901.0,190.0,0.0,4.0,361.0,323.0,8.0,6.0,3.0,6.0,0.0,0.0,0.0,1182.0
lut-exp,none,none,off,0,8,118,904.0,188.0,0.0,4.0,361.0,328.0,8.0,6.0,3.0,6.0,0.0,0.0,0.0,1222.0
lut-exp,none,none,off,0,8,119,901.0,189.0,0.0,4.0,357.0,328.0,8.0,6.0,3.0,6.0,0.0,0.0,0.0,1228.0
lut-exp,none,none,off,0,16,0,1086.0,351.0,0.0,8.0,365.0,326.0,12.0,10.0,2.0,12.0,0.0,0.0,0.0,1468.0
lut-exp,none,none,off,0,16,1,1086.0,355.0,0.0,8.0,360.0,327.0,12.0,9.0,3.0,12.0,0.0,0.0,0.0,1456.0
lut-exp,none,none,off,0,16,2,1084.0,349.0,0.0,8.0,365.0,327.0,12.0,9.0,2.0,12.0,0.0,0.0,0.0,1456.0
lut-exp,none,none,off,0,16,3,1081.0,355.0,0.0,8.0,356.0,326.0,12.0,10.0,2.0,12.0,0.0,0.0,0.0,1356.0
lut-exp,none,none,off,0,16,4,1100.0,358.0,0.0,8.0,369.0,331.0,12.0,9.0,2.0,11.0,0.0,0.0,0.0,1439.0
lut-exp,none,none,off,0,16,5,1092.0,358.0,0.0,8.0,358.0,333.0,12.0,9.0,2.0,12.0,0.0,0.0,0.0,1432.0
lut-exp,none,none,off,0,16,6,1083.0,349.0,0.0,8.0,366.0,326.0,12.0,9.0,2.0,11.0,0.0,0.0,0.0,1454.0
lut-exp,none,none,off,0,16,7,1091.0,355.0,0.0,8.0,370.0,323.0,12.0,9.0,2.0,12.0,0.0,0.0,0.0,1401.0
lut-exp,none,none,off,0,16,8,1000.0,383.0,0.0,9.0,218.0,355.0,12.0,10.0,2.0,11.0,0.0,0.0,0.0,1392.0
lut-exp,none,none,off,0,16,9,1000.0,384.0,0.0,8.0,216.0,356.0,12.0,9.0,3.0,12.0,0.0,0.0,0.0,1303.0
lut-exp,none,none,off,0,16,10,1010.0,390.0,0.0,8.0,217.0,358.0,12.0,10.0,3.0,12.0,0.0,0.0,0.0,1330.0
lut-exp,none,none,off,0,16,11,1019.0,384.0,0.0,9.0,232.0,356.0,12.0,11.0,3.0,12.0,0.0,0.0,0.0,1368.0
lut-exp,none,none,off,0,16,12,1007.0,382.0,0.0,8.0,223.0,358.0,12.0,10.0,3.0,11.0,0.0,0.0,0.0,1325.0
lut-exp,none,none,off,0,16,13,936.0,385.0,0.0,8.0,151.0,355.0,12.0,10.0,3.0,12.0,0.0,0.0,0.0,1319.0
lut-exp,none,none,off,0,16,14,1013.0,382.0,0.0,9.0,230.0,356.0,12.0,10.0,3.0,11.0,0.0,0.0,0.0,1318.0
lut-exp,none,none,off,0,16,15,1010.0,381.0,0.0,9.0,230.0,354.0,12.0,10.0,3.0,11.0,0.0,0.0,0.0,1358.0
lut-exp,none,none,off,0,16,16,1049.0,384.0,0.0,8.0,268.0,353.0,12.0,10.0,3.0,11.0,0.0,0.0,0.0,1389.0
lut-exp,none,none,off,0,16,17,1025.0,380.0,0.0,8.0,246.0,356.0,12.0,9.0,3.0,11.0,0.0,0.0,0.0,1317.0
lut-exp,none,none,off,0,16,18,1045.0,380.0,0.0,8.0,268.0,353.0,12.0,9.0,3.0,12.0,0.0,0.0,0.0,1300.0
lut-exp,none,none,off,0,16,19,1046.0,380.0,0.0,9.0,266.0,355.0,12.0,9.0,3.0,12.0,0.0,0.0,0.0,1322.0
lut-exp,none,none,off,0,16,100,939.0,312.0,0.0,8.0,304.0,279.0,12.0,11.0,2.0,11.0,0.0,0.0,0.0,1207.0
lut-exp,none,none,off,0,16,101,930.0,312.0,0.0,8.0,303.0,273.0,12.0,10.0,2.0,10.0,0.0,0.0,0.0,1203.0
lut-exp,none,none,off,0,16,102,925.0,311.0,0.0,8.0,297.0,274.0,12.0,11.0,2.0,10.0,0.0,0.0,0.0,1203.0
lut-exp,none,none,off,0,16,103,929.0,314.0,0.0,8.0,287.0,285.0,12.0,11.0,2.0,10.0,0.0,0.0,0.0,1225.0
lut-exp,none,none,off,0,16,104,936.0,314.0,0.0,8.0,297.0,282.0,12.0,11.0,2.0,10.0,0.0,0.0,0.0,1204.0
lut-exp,none,none,off,0,16,105,944.0,315.0,0.0,8.0,304.0,282.0,12.0,11.0,2.0,10.0,0.0,0.0,0.0,1205.0
lut-exp,none,none,off,0,16,106,1038.0,336.0,0.0,8.0,343.0,315.0,12.0,10.0,3.0,11.0,0.0,0.0,0.0,1399.0
lut-exp,none,none,off,0,16,107,1113.0,361.0,0.0,8.0,376.0,333.0,12.0,11.0,2.0,10.0,0.0,0.0,0.0,1433.0
lut-exp,none,none,off,0,16,108,1112.0,361.0,0.0,8.0,374.0,334.0,12.0,11.0,2.0,10.0,0.0,0.0,0.0,1435.0
lut-exp,none,none,off,0,16,109,1109.0,360.0,0.0,8.0,373.0,333.0,12.0,11.0,2.0,10.0,0.0,0.0,0.0,1432.0
lut-exp,none,none,off,0,16,110,1117.0,362.0,0.0,8.0,379.0,333.0,12.0,11.0,2.0,10.0,0.0,0.0,0.0,1434.0
lut-exp,none,none,off,0,16,111,1091.0,358.0,0.0,8.0,364.0,325.0,12.0,11.0,2.0,11.0,0.0,0.0,0.0,1434.0
lut-exp,none,none,off,0,16,112,1105.0,353.0,0.0,8.0,374.0,334.0,12.0,11.0,2.0,11.0,0.0,0.0,0.0,1436.0
lut-exp,none,none,off,0,16,113,1115.0,361.0,0.0,8.0,377.0,333.0,12.0,11.0,2.0,11.0,0.0,0.0,0.0,1460.0
lut-exp,none,none,off,0,16,114,1114.0,361.0,0.0,8.0,375.0,334.0,12.0,11.0,2.0,11.0,0.0,0.0,0.0,1434.0
lut-exp,none,none,off,0,16,115,1111.0,360.0,0.0,8.0,376.0,332.0,12.0,11.0,2.0,10.0,0.0,0.0,0.0,1432.0
lut-exp,none,none,off,0,16,116,1086.0,353.0,0.0,8.0,365.0,325.0,12.0,10.0,2.0,11.0,0.0,0.0,0.0,1410.0
lut-exp,none,none,off,0,16,117,1109.0,359.0,0.0,8.0,374.0,333.0,12.0,10.0,3.0,10.0,0.0,0.0,0.0,1427.0
lut-exp,none,none,off,0,16,118,1110.0,359.0,0.0,8.0,374.0,333.0,12.0,11.0,2.0,11.0,0.0,0.0,0.0,1430.0
lut-exp,none,none,off,0,16,119,1113.0,360.0,0.0,8.0,377.0,333.0,12.0,11.0,2.0,10.0,0.0,0.0,0.0,1433.0
lut-exp,none,none,off,0,32,0,1310.0,616.0,0.0,15.0,322.0,287.0,24.0,20.0,4.0,22.0,0.0,0.0,0.0,1641.0
lut-exp,none,none,off,0,32,1,1303.0,614.0,0.0,14.0,316.0,288.0,24.0,21.0,4.0,22.0,0.0,0.0,0.0,1641.0
lut-exp,none,none,off,0,32,2,1295.0,615.0,0.0,14.0,315.0,279.0,24.0,21.0,5.0,22.0,0.0,0.0,0.0,1642.0
lut-exp,none,none,off,0,32,3,1296.0,616.0,0.0,14.0,305.0,290.0,24.0,20.0,5.0,22.0,0.0,0.0,0.0,1642.0
lut-exp,none,none,off,0,32,4,1379.0,679.0,0.0,16.0,279.0,334.0,24.0,21.0,4.0,22.0,0.0,0.0,0.0,1718.0
lut-exp,none,none,off,0,32,5,1368.0,679.0,0.0,14.0,274.0,329.0,24.0,21.0,5.0,22.0,0.0,0.0,0.0,1742.0
lut-exp,none,none,off,0,32,6,1376.0,672.0,0.0,14.0,287.0,331.0,24.0,21.0,5.0,22.0,0.0,0.0,0.0,1675.0
lut-exp,none,none,off,0,32,7,1371.0,676.0,0.0,15.0,276.0,333.0,24.0,21.0,4.0,22.0,0.0,0.0,0.0,1734.0
lut-exp,none,none,off,0,32,8,1448.0,670.0,0.0,14.0,365.0,328.0,24.0,20.0,5.0,22.0,0.0,0.0,0.0,1816.0
lut-exp,none,none,off,0,32,9,1480.0,671.0,0.0,15.0,396.0,328.0,24.0,21.0,3.0,22.0,0.0,0.0,0.0,1766.0
lut-exp,none,none,off,0,32,10,1477.0,673.0,0.0,15.0,391.0,327.0,24.0,20.0,5.0,22.0,0.0,0.0,0.0,1879.0
lut-exp,none,none,off,0,32,11,1490.0,678.0,0.0,14.0,396.0,331.0,24.0,20.0,5.0,22.0,0.0,0.0,0.0,1852.0
lut-exp,none,none,off,0,32,12,1470.0,665.0,0.0,14.0,389.0,331.0,24.0,20.0,5.0,22.0,0.0,0.0,0.0,1766.0
lut-exp,none,none,off,0,32,13,1431.0,667.0,0.0,14.0,347.0,332.0,24.0,21.0,4.0,22.0,0.0,0.0,0.0,1741.0
lut-exp,none,none,off,0,32,14,1425.0,660.0,0.0,15.0,341.0,338.0,24.0,20.0,5.0,22.0,0.0,0.0,0.0,1791.0
lut-exp,none,none,off,0,32,15,1434.0,652.0,0.0,15.0,362.0,335.0,24.0,20.0,4.0,22.0,0.0,0.0,0.0,1786.0
lut-exp,none,none,off,0,32,16,1446.0,655.0,0.0,14.0,369.0,337.0,24.0,21.0,4.0,22.0,0.0,0.0,0.0,1789.0
lut-exp,none,none,off,0,32,17,1436.0,650.0,0.0,15.0,364.0,336.0,24.0,20.0,5.0,22.0,0.0,0.0,0.0,1786.0
lut-exp,none,none,off,0,32,18,1356.0,641.0,0.0,14.0,336.0,294.0,24.0,20.0,5.0,22.0,0.0,0.0,0.0,1671.0
lut-exp,none,none,off,0,32,19,1427.0,663.0,0.0,16.0,366.0,311.0,24.0,20.0,5.0,22.0,0.0,0.0,0.0,1778.0
lut-exp,none,none,off,0,32,100,1394.0,648.0,0.0,15.0,362.0,300.0,24.0,21.0,2.0,22.0,0.0,0.0,0.0,1743.0
lut-exp,none,none,off,0,32,101,1389.0,643.0,0.0,14.0,357.0,304.0,24.0,23.0,2.0,22.0,0.0,0.0,0.0,1733.0
lut-exp,none,none,off,0,32,102,1386.0,645.0,0.0,14.0,353.0,302.0,24.0,23.0,3.0,22.0,0.0,0.0,0.0,1692.0
lut-exp,none,none,off,0,32,103,1479.0,677.0,0.0,14.0,392.0,324.0,24.0,23.0,3.0,22.0,0.0,0.0,0.0,1872.0
lut-exp,none,none,off,0,32,104,1480.0,683.0,0.0,15.0,386.0,325.0,24.0,22.0,3.0,22.0,0.0,0.0,0.0,1863.0
lut-exp,none,none,off,0,32,105,1456.0,666.0,0.0,14.0,378.0,327.0,24.0,22.0,3.0,22.0,0.0,0.0,0.0,1793.0
lut-exp,none,none,off,0,32,106,1478.0,677.0,0.0,15.0,385.0,330.0,24.0,23.0,2.0,22.0,0.0,0.0,0.0,1881.0
lut-exp,none,none,off,0,32,107,1466.0,677.0,0.0,14.0,383.0,322.0,24.0,22.0,2.0,22.0,0.0,0.0,0.0,1866.0
lut-exp,none,none,off,0,32,108,1470.0,680.0,0.0,15.0,386.0,319.0,24.0,20.0,4.0,22.0,0.0,0.0,0.0,1821.0
lut-exp,none,none,off,0,32,109,1468.0,675.0,0.0,14.0,383.0,324.0,24.0,23.0,3.0,22.0,0.0,0.0,0.0,1759.0
lut-exp,none,none,off,0,32,110,1463.0,673.0,0.0,14.0,379.0,325.0,24.0,23.0,3.0,22.0,0.0,0.0,0.0,1809.0
lut-exp,none,none,off,0,32,111,1462.0,679.0,0.0,14.0,379.0,319.0,24.0,22.0,3.0,22.0,0.0,0.0,0.0,1844.0
lut-exp,none,none,off,0,32,112,1467.0,674.0,0.0,14.0,379.0,328.0,24.0,23.0,3.0,22.0,0.0,0.0,0.0,1753.0
lut-exp,none,none,off,0,32,113,1459.0,673.0,0.0,14.0,379.0,321.0,24.0,23.0,3.0,22.0,0.0,0.0,0.0,1733.0
lut-exp,none,none,off,0,32,114,1454.0,671.0,0.0,14.0,377.0,319.0,24.0,23.0,4.0,22.0,0.0,0.0,0.0,1851.0
lut-exp,none,none,off,0,32,115,1452.0,673.0,0.0,14.0,378.0,315.0,24.0,23.0,3.0,22.0,0.0,0.0,0.0,1820.0
lut-exp,none,none,off,0,32,116,1448.0,667.0,0.0,14.0,365.0,331.0,24.0,23.0,2.0,22.0,0.0,0.0,0.0,1721.0
lut-exp,none,none,off,0,32,117,1454.0,671.0,0.0,15.0,374.0,323.0,24.0,22.0,3.0,22.0,0.0,0.0,0.0,1739.0
lut-exp,none,none,off,0,32,118,1451.0,664.0,0.0,14.0,378.0,323.0,24.0,23.0,3.0,22.0,0.0,0.0,0.0,1762.0
lut-exp,none,none,off,0,32,119,1452.0,666.0,0.0,15.0,369.0,331.0,24.0,23.0,2.0,22.0,0.0,0.0,0.0,1785.0
lut-exp,none,none,on,0,4,0,310.0,70.0,0.0,2.0,130.0,101.0,3.0,0.0,0.0,4.0,8.0,23.0,192.0,573.0
lut-exp,none,none,on,0,4,1,312.0,72.0,0.0,2.0,131.0,101.0,3.0,0.0,0.0,3.0,9.0,24.0,192.0,546.0
lut-exp,none,none,on,0,4,2,311.0,69.0,0.0,1.0,131.0,103.0,3.0,0.0,0.0,4.0,9.0,26.0,192.0,550.0
lut-exp,none,none,on,0,4,3,311.0,72.0,0.0,2.0,130.0,101.0,3.0,0.0,0.0,3.0,10.0,24.0,192.0,547.0
lut-exp,none,none,on,0,4,4,314.0,69.0,0.0,2.0,131.0,104.0,4.0,0.0,0.0,4.0,9.0,27.0,192.0,553.0
lut-exp,none,none,on,0,4,5,313.0,71.0,0.0,2.0,131.0,102.0,3.0,0.0,0.0,4.0,8.0,25.0,192.0,576.0
lut-exp,none,none,on,0,4,6,311.0,71.0,0.0,1.0,130.0,102.0,3.0,0.0,0.0,4.0,10.0,25.0,192.0,556.0
lut-exp,none,none,on,0,4,7,312.0,71.0,0.0,2.0,131.0,101.0,4.0,0.0,0.0,3.0,10.0,25.0,192.0,578.0
lut-exp,none,none,on,0,4,8,312.0,70.0,0.0,1.0,131.0,103.0,3.0,0.0,0.0,4.0,10.0,27.0,192.0,558.0
lut-exp,none,none,on,0,4,9,309.0,70.0,0.0,1.0,130.0,101.0,3.0,0.0,0.0,4.0,10.0,24.0,192.0,568.0
lut-exp,none,none,on,0,4,10,312.0,70.0,0.0,2.0,131.0,101.0,4.0,0.0,0.0,4.0,10.0,25.0,192.0,585.0
lut-exp,none,none,on,0,4,11,311.0,70.0,0.0,1.0,131.0,102.0,3.0,0.0,0.0,4.0,10.0,26.0,192.0,567.0
lut-exp,none,none,on,0,4,12,311.0,70.0,0.0,2.0,131.0,101.0,3.0,0.0,0.0,4.0,9.0,25.0,192.0,560.0
lut-exp,none,none,on,0,4,13,311.0,70.0,0.0,2.0,131.0,101.0,3.0,0.0,0.0,4.0,10.0,25.0,192.0,550.0
lut-exp,none,none,on,0,4,14,311.0,69.0,0.0,2.0,131.0,102.0,3.0,0.0,0.0,4.0,9.0,24.0,192.0,551.0
lut-exp,none,none,on,0,4,15,313.0,71.0,0.0,2.0,131.0,101.0,4.0,0.0,0.0,4.0,10.0,25.0,191.0,554.0
lut-exp,none,none,on,0,4,16,314.0,69.0,0.0,2.0,132.0,104.0,3.0,0.0,0.0,4.0,9.0,28.0,192.0,570.0
lut-exp,none,none,on,0,4,17,312.0,71.0,0.0,1.0,131.0,102.0,3.0,0.0,0.0,4.0,9.0,26.0,192.0,568.0
lut-exp,none,none,on,0,4,18,314.0,71.0,0.0,1.0,132.0,102.0,4.0,0.0,0.0,4.0,9.0,26.0,191.0,570.0
lut-exp,none,none,on,0,4,19,311.0,69.0,0.0,2.0,131.0,102.0,3.0,0.0,0.0,4.0,9.0,27.0,192.0,563.0
lut-exp,none,none,on,0,4,100,308.0,70.0,0.0,1.0,130.0,100.0,3.0,0.0,0.0,4.0,8.0,23.0,192.0,552.0
lut-exp,none,none,on,0,4,101,315.0,71.0,0.0,2.0,133.0,101.0,4.0,0.0,0.0,4.0,9.0,26.0,192.0,547.0
lut-exp,none,none,on,0,4,102,307.0,70.0,0.0,1.0,130.0,100.0,3.0,0.0,0.0,3.0,10.0,23.0,192.0,545.0
lut-exp,none,none,on,0,4,103,317.0,70.0,0.0,2.0,135.0,102.0,4.0,0.0,0.0,4.0,9.0,30.0,192.0,551.0
lut-exp,none,none,on,0,4,104,311.0,71.0,0.0,1.0,130.0,102.0,3.0,0.0,0.0,4.0,10.0,25.0,192.0,558.0
lut-exp,none,none,on,0,4,105,311.0,71.0,0.0,1.0,130.0,102.0,3.0,0.0,0.0,4.0,9.0,25.0,192.0,547.0
lut-exp,none,none,on,0,4,106,321.0,71.0,0.0,2.0,137.0,103.0,4.0,0.0,0.0,4.0,9.0,32.0,192.0,548.0
lut-exp,none,none,on,0,4,107,312.0,72.0,0.0,2.0,130.0,101.0,3.0,0.0,0.0,4.0,10.0,23.0,192.0,547.0
lut-exp,none,none,on,0,4,108,314.0,72.0,0.0,2.0,130.0,103.0,3.0,0.0,0.0,4.0,9.0,25.0,192.0,548.0
lut-exp,none,none,on,0,4,109,313.0,70.0,0.0,1.0,132.0,103.0,3.0,0.0,0.0,4.0,9.0,27.0,192.0,574.0
lut-exp,none,none,on,0,4,110,313.0,71.0,0.0,2.0,130.0,103.0,3.0,0.0,0.0,4.0,9.0,25.0,192.0,547.0
lut-exp,none,none,on,0,4,111,314.0,70.0,0.0,2.0,132.0,102.0,4.0,0.0,0.0,4.0,8.0,28.0,192.0,550.0
lut-exp,none,none,on,0,4,112,310.0,71.0,0.0,2.0,130.0,100.0,3.0,0.0,0.0,4.0,9.0,23.0,192.0,585.0
lut-exp,none,none,on,0,4,113,318.0,72.0,0.0,2.0,133.0,104.0,3.0,0.0,0.0,4.0,10.0,30.0,191.0,552.0
lut-exp,none,none,on,0,4,114,311.0,71.0,0.0,1.0,130.0,102.0,3.0,0.0,0.0,4.0,10.0,25.0,192.0,568.0
lut-exp,none,none,on,0,4,115,316.0,72.0,0.0,2.0,133.0,101.0,4.0,0.0,0.0,4.0,9.0,27.0,192.0,549.0
lut-exp,none,none,on,0,4,116,315.0,71.0,0.0,2.0,134.0,101.0,3.0,0.0,0.0,4.0,9.0,29.0,191.0,550.0
lut-exp,none,none,on,0,4,117,313.0,71.0,0.0,2.0,132.0,101.0,3.0,0.0,0.0,4.0,9.0,28.0,191.0,549.0
lut-exp,none,none,on,0,4,118,312.0,71.0,0.0,2.0,130.0,101.0,4.0,0.0,0.0,4.0,8.0,25.0,192.0,566.0
lut-exp,none,none,on,0,4,119,316.0,71.0,0.0,2.0,133.0,102.0,4.0,0.0,0.0,4.0,10.0,28.0,192.0,554.0
lut-exp,none,none,on,0,8,0,397.0,145.0,0.0,3.0,131.0,100.0,8.0,4.0,2.0,4.0,10.0,23.0,191.0,604.0
lut-exp,none,none,on,0,8,1,394.0,144.0,0.0,2.0,131.0,99.0,8.0,4.0,2.0,4.0,10.0,22.0,192.0,673.0
lut-exp,none,none,on,0,8,2,397.0,144.0,0.0,3.0,132.0,100.0,8.0,4.0,2.0,4.0,10.0,25.0,190.0,691.0
lut-exp,none,none,on,0,8,3,398.0,145.0,0.0,3.0,132.0,100.0,8.0,4.0,2.0,4.0,10.0,24.0,192.0,680.0
lut-exp,none,none,on,0,8,4,398.0,147.0,0.0,3.0,132.0,99.0,7.0,4.0,2.0,4.0,10.0,25.0,192.0,679.0
lut-exp,none,none,on,0,8,5,400.0,145.0,0.0,3.0,132.0,102.0,8.0,4.0,2.0,4.0,9.0,26.0,192.0,665.0
lut-exp,none,none,on,0,8,6,400.0,143.0,0.0,3.0,134.0,102.0,8.0,4.0,2.0,4.0,9.0,29.0,192.0,672.0
lut-exp,none,none,on,0,8,7,398.0,144.0,0.0,3.0,132.0,101.0,8.0,4.0,2.0,4.0,9.0,25.0,192.0,666.0
lut-exp,none,none,on,0,8,8,397.0,145.0,0.0,3.0,131.0,100.0,8.0,4.0,2.0,4.0,9.0,25.0,191.0,645.0
lut-exp,none,none,on,0,8,9,407.0,145.0,0.0,3.0,137.0,103.0,8.0,4.0,2.0,5.0,10.0,32.0,191.0,684.0
lut-exp,none,none,on,0,8,10,399.0,145.0,0.0,3.0,131.0,102.0,8.0,4.0,2.0,4.0,9.0,26.0,191.0,675.0
lut-exp,none,none,on,0,8,11,397.0,144.0,0.0,3.0,131.0,101.0,8.0,4.0,2.0,4.0,9.0,25.0,192.0,683.0
lut-exp,none,none,on,0,8,12,398.0,144.0,0.0,3.0,132.0,101.0,8.0,4.0,2.0,4.0,10.0,27.0,191.0,678.0
lut-exp,none,none,on,0,8,13,398.0,145.0,0.0,3.0,132.0,100.0,8.0,4.0,2.0,4.0,10.0,24.0,192.0,583.0
lut-exp,none,none,on,0,8,14,402.0,146.0,0.0,3.0,131.0,104.0,8.0,4.0,2.0,4.0,9.0,27.0,191.0,642.0
lut-exp,none,none,on,0,8,15,434.0,152.0,0.0,3.0,139.0,122.0,8.0,4.0,2.0,4.0,10.0,54.0,191.0,736.0
lut-exp,none,none,on,0,8,16,435.0,154.0,0.0,4.0,139.0,120.0,8.0,4.0,2.0,4.0,9.0,53.0,190.0,660.0
lut-exp,none,none,on,0,8,17,433.0,154.0,0.0,3.0,138.0,120.0,8.0,4.0,2.0,4.0,10.0,50.0,190.0,638.0
lut-exp,none,none,on,0,8,18,436.0,155.0,0.0,3.0,138.0,123.0,7.0,4.0,2.0,4.0,9.0,54.0,190.0,739.0
lut-exp,none,none,on,0,8,19,434.0,152.0,0.0,3.0,139.0,122.0,8.0,4.0,2.0,4.0,9.0,55.0,190.0,733.0
lut-exp,none,none,on,0,8,100,482.0,162.0,0.0,3.0,155.0,143.0,8.0,4.0,2.0,5.0,10.0,90.0,191.0,747.0
lut-exp,none,none,on,0,8,101,494.0,165.0,0.0,4.0,159.0,147.0,8.0,4.0,2.0,5.0,8.0,100.0,190.0,741.0
lut-exp,none,none,on,0,8,102,482.0,162.0,0.0,4.0,151.0,146.0,8.0,4.0,2.0,5.0,10.0,91.0,190.0,752.0
lut-exp,none,none,on,0,8,103,480.0,163.0,0.0,4.0,154.0,140.0,8.0,4.0,2.0,5.0,10.0,89.0,190.0,751.0
lut-exp,none,none,on,0,8,104,480.0,160.0,0.0,4.0,150.0,147.0,8.0,4.0,2.0,5.0,9.0,90.0,190.0,749.0
lut-exp,none,none,on,0,8,105,483.0,163.0,0.0,4.0,156.0,141.0,8.0,4.0,2.0,5.0,9.0,91.0,190.0,744.0
lut-exp,none,none,on,0,8,106,487.0,160.0,0.0,4.0,154.0,150.0,8.0,4.0,2.0,5.0,10.0,97.0,190.0,757.0
lut-exp,none,none,on,0,8,107,481.0,161.0,0.0,4.0,150.0,148.0,7.0,4.0,2.0,5.0,8.0,92.0,190.0,754.0
lut-exp,none,none,on,0,8,108,484.0,162.0,0.0,4.0,153.0,146.0,8.0,4.0,2.0,5.0,10.0,93.0,190.0,761.0
lut-exp,none,none,on,0,8,109,476.0,160.0,0.0,4.0,149.0,144.0,8.0,4.0,2.0,5.0,10.0,88.0,191.0,759.0
lut-exp,none,none,on,0,8,110,486.0,161.0,0.0,4.0,151.0,151.0,8.0,4.0,2.0,5.0,9.0,95.0,191.0,755.0
lut-exp,none,none,on,0,8,111,481.0,162.0,0.0,4.0,149.0,147.0,8.0,4.0,2.0,5.0,9.0,91.0,190.0,751.0
lut-exp,none,none,on,0,8,112,481.0,160.0,0.0,4.0,153.0,145.0,8.0,4.0,2.0,5.0,9.0,94.0,190.0,753.0
lut-exp,none,none,on,0,8,113,477.0,161.0,0.0,4.0,153.0,141.0,7.0,4.0,2.0,5.0,8.0,87.0,191.0,750.0
lut-exp,none,none,on,0,8,114,486.0,161.0,0.0,4.0,151.0,151.0,8.0,4.0,2.0,5.0,9.0,95.0,190.0,754.0
lut-exp,none,none,on,0,8,115,477.0,160.0,0.0,4.0,153.0,141.0,8.0,4.0,2.0,5.0,10.0,87.0,191.0,752.0
lut-exp,none,none,on,0,8,116,484.0,161.0,0.0,4.0,154.0,146.0,8.0,4.0,2.0,5.0,8.0,93.0,190.0,746.0
lut-exp,none,none,on,0,8,117,477.0,162.0,0.0,4.0,153.0,140.0,7.0,4.0,2.0,5.0,9.0,86.0,191.0,748.0
lut-exp,none,none,on,0,8,118,488.0,160.0,0.0,4.0,150.0,155.0,8.0,4.0,2.0,5.0,9.0,98.0,191.0,683.0
lut-exp,none,none,on,0,8,119,540.0,173.0,0.0,4.0,175.0,169.0,8.0,4.0,2.0,5.0,10.0,138.0,190.0,780.0
lut-exp,none,none,on,0,16,0,572.0,300.0,0.0,7.0,131.0,100.0,12.0,8.0,3.0,11.0,9.0,24.0,191.0,875.0
lut-exp,none,none,on,0,16,1,572.0,300.0,0.0,7.0,131.0,100.0,12.0,8.0,3.0,11.0,9.0,25.0,191.0,876.0
lut-exp,none,none,on,0,16,2,574.0,301.0,0.0,7.0,132.0,100.0,12.0,8.0,3.0,11.0,9.0,25.0,191.0,876.0
lut-exp,none,none,on,0,16,3,570.0,300.0,0.0,7.0,131.0,99.0,12.0,8.0,3.0,10.0,10.0,23.0,191.0,876.0
lut-exp,none,none,on,0,16,4,571.0,298.0,0.0,7.0,132.0,100.0,12.0,8.0,3.0,11.0,10.0,24.0,191.0,822.0
lut-exp,none,none,on,0,16,5,573.0,300.0,0.0,7.0,132.0,100.0,12.0,8.0,3.0,11.0,9.0,25.0,192.0,883.0
lut-exp,none,none,on,0,16,6,572.0,299.0,0.0,7.0,132.0,100.0,12.0,8.0,3.0,11.0,9.0,24.0,192.0,875.0
lut-exp,none,none,on,0,16,7,585.0,301.0,0.0,7.0,132.0,111.0,12.0,8.0,3.0,11.0,9.0,36.0,191.0,816.0
lut-exp,none,none,on,0,16,8,771.0,346.0,0.0,8.0,196.0,187.0,12.0,8.0,3.0,11.0,9.0,176.0,190.0,1040.0
lut-exp,none,none,on,0,16,9,761.0,344.0,0.0,7.0,197.0,179.0,12.0,8.0,3.0,11.0,9.0,168.0,190.0,1047.0
lut-exp,none,none,on,0,16,10,744.0,337.0,0.0,7.0,190.0,176.0,12.0,8.0,3.0,11.0,9.0,159.0,190.0,1054.0
lut-exp,none,none,on,0,16,11,748.0,339.0,0.0,8.0,191.0,176.0,12.0,8.0,3.0,11.0,10.0,161.0,190.0,1061.0
lut-exp,none,none,on,0,16,12,751.0,345.0,0.0,8.0,189.0,175.0,12.0,8.0,3.0,11.0,10.0,159.0,190.0,1061.0
lut-exp,none,none,on,0,16,13,744.0,339.0,0.0,7.0,187.0,177.0,12.0,8.0,3.0,11.0,10.0,158.0,190.0,982.0
lut-exp,none,none,on,0,16,14,751.0,346.0,0.0,7.0,189.0,175.0,12.0,8.0,3.0,11.0,8.0,159.0,190.0,1103.0
lut-exp,none,none,on,0,16,15,736.0,334.0,0.0,7.0,186.0,175.0,12.0,8.0,3.0,11.0,8.0,154.0,190.0,955.0
lut-exp,none,none,on,0,16,16,737.0,339.0,0.0,7.0,187.0,170.0,12.0,8.0,3.0,11.0,8.0,151.0,190.0,1065.0
lut-exp,none,none,on,0,16,17,734.0,333.0,0.0,8.0,185.0,174.0,12.0,8.0,3.0,11.0,9.0,153.0,191.0,979.0
lut-exp,none,none,on,0,16,18,734.0,335.0,0.0,7.0,182.0,177.0,12.0,8.0,3.0,10.0,9.0,153.0,190.0,1045.0
lut-exp,none,none,on,0,16,19,727.0,329.0,0.0,8.0,184.0,172.0,12.0,8.0,3.0,11.0,9.0,150.0,190.0,946.0
lut-exp,none,none,on,0,16,100,641.0,310.0,0.0,7.0,152.0,139.0,12.0,8.0,3.0,10.0,10.0,85.0,191.0,936.0
lut-exp,none,none,on,0,16,101,648.0,318.0,0.0,8.0,152.0,137.0,12.0,8.0,3.0,10.0,9.0,84.0,190.0,872.0
lut-exp,none,none,on,0,16,102,645.0,311.0,0.0,7.0,152.0,142.0,12.0,8.0,3.0,10.0,10.0,87.0,190.0,880.0
lut-exp,none,none,on,0,16,103,646.0,312.0,0.0,8.0,154.0,139.0,12.0,8.0,3.0,10.0,8.0,87.0,190.0,889.0
lut-exp,none,none,on,0,16,104,662.0,319.0,0.0,8.0,150.0,152.0,12.0,8.0,3.0,10.0,9.0,96.0,190.0,964.0
lut-exp,none,none,on,0,16,105,712.0,327.0,0.0,7.0,178.0,167.0,12.0,8.0,3.0,10.0,10.0,139.0,191.0,977.0
lut-exp,none,none,on,0,16,106,709.0,323.0,0.0,8.0,178.0,167.0,12.0,8.0,3.0,10.0,9.0,139.0,190.0,927.0
lut-exp,none,none,on,0,16,107,712.0,324.0,0.0,8.0,180.0,167.0,12.0,8.0,3.0,10.0,10.0,140.0,190.0,931.0
lut-exp,none,none,on,0,16,108,708.0,322.0,0.0,8.0,177.0,168.0,12.0,8.0,3.0,10.0,10.0,138.0,191.0,934.0
lut-exp,none,none,on,0,16,109,718.0,326.0,0.0,8.0,180.0,171.0,12.0,8.0,3.0,10.0,10.0,144.0,190.0,938.0
lut-exp,none,none,on,0,16,110,712.0,328.0,0.0,8.0,176.0,167.0,12.0,8.0,3.0,10.0,10.0,136.0,191.0,920.0
lut-exp,none,none,on,0,16,111,707.0,323.0,0.0,8.0,175.0,168.0,12.0,8.0,3.0,10.0,9.0,138.0,190.0,923.0
lut-exp,none,none,on,0,16,112,706.0,325.0,0.0,8.0,176.0,164.0,12.0,8.0,3.0,10.0,9.0,133.0,191.0,1014.0
lut-exp,none,none,on,0,16,113,710.0,325.0,0.0,8.0,176.0,168.0,12.0,8.0,3.0,10.0,9.0,139.0,190.0,936.0
lut-exp,none,none,on,0,16,114,709.0,323.0,0.0,8.0,178.0,167.0,12.0,8.0,3.0,10.0,10.0,138.0,190.0,929.0
lut-exp,none,none,on,0,16,115,709.0,322.0,0.0,8.0,178.0,168.0,12.0,8.0,3.0,10.0,9.0,140.0,190.0,948.0
lut-exp,none,none,on,0,16,116,703.0,322.0,0.0,8.0,176.0,164.0,12.0,8.0,3.0,10.0,9.0,134.0,191.0,929.0
lut-exp,none,none,on,0,16,117,705.0,322.0,0.0,8.0,178.0,164.0,12.0,8.0,3.0,10.0,8.0,135.0,190.0,924.0
lut-exp,none,none,on,0,16,118,706.0,322.0,0.0,8.0,177.0,166.0,12.0,8.0,3.0,10.0,8.0,137.0,190.0,934.0
lut-exp,none,none,on,0,16,119,704.0,323.0,0.0,7.0,176.0,165.0,12.0,8.0,3.0,10.0,8.0,135.0,190.0,982.0
lut-exp,none,none,on,0,32,0,911.0,594.0,0.0,15.0,134.0,101.0,23.0,20.0,4.0,20.0,9.0,26.0,191.0,1195.0
lut-exp,none,none,on,0,32,1,909.0,590.0,0.0,15.0,134.0,102.0,23.0,20.0,4.0,21.0,10.0,28.0,191.0,1194.0
lut-exp,none,none,on,0,32,2,907.0,591.0,0.0,15.0,133.0,101.0,23.0,20.0,4.0,20.0,9.0,27.0,191.0,1195.0
lut-exp,none,none,on,0,32,3,910.0,594.0,0.0,15.0,133.0,101.0,23.0,20.0,4.0,20.0,9.0,26.0,191.0,1197.0
lut-exp,none,none,on,0,32,4,910.0,596.0,0.0,14.0,132.0,101.0,23.0,20.0,4.0,20.0,8.0,26.0,192.0,1193.0
lut-exp,none,none,on,0,32,5,911.0,594.0,0.0,15.0,133.0,101.0,23.0,20.0,4.0,21.0,9.0,26.0,191.0,1216.0
lut-exp,none,none,on,0,32,6,1017.0,646.0,0.0,15.0,152.0,137.0,23.0,20.0,4.0,20.0,9.0,82.0,190.0,1375.0
lut-exp,none,none,on,0,32,7,1004.0,631.0,0.0,15.0,148.0,143.0,23.0,20.0,4.0,20.0,9.0,84.0,190.0,1254.0
lut-exp,none,none,on,0,32,8,1009.0,636.0,0.0,15.0,153.0,139.0,22.0,20.0,4.0,20.0,8.0,86.0,190.0,1259.0
lut-exp,none,none,on,0,32,9,1017.0,647.0,0.0,15.0,146.0,143.0,22.0,20.0,4.0,20.0,10.0,82.0,190.0,1371.0
lut-exp,none,none,on,0,32,10,1012.0,636.0,0.0,14.0,153.0,142.0,22.0,20.0,4.0,21.0,9.0,89.0,191.0,1371.0
lut-exp,none,none,on,0,32,11,1005.0,632.0,0.0,14.0,152.0,140.0,23.0,20.0,4.0,20.0,9.0,86.0,190.0,1270.0
lut-exp,none,none,on,0,32,12,1010.0,644.0,0.0,15.0,146.0,138.0,23.0,20.0,4.0,20.0,10.0,77.0,191.0,1256.0
lut-exp,none,none,on,0,32,13,995.0,631.0,0.0,14.0,147.0,137.0,22.0,20.0,4.0,20.0,9.0,77.0,190.0,1312.0
lut-exp,none,none,on,0,32,14,901.0,584.0,0.0,14.0,135.0,102.0,22.0,20.0,4.0,20.0,10.0,31.0,191.0,1207.0
lut-exp,none,none,on,0,32,15,897.0,583.0,0.0,14.0,134.0,99.0,23.0,20.0,4.0,20.0,10.0,26.0,192.0,1143.0
lut-exp,none,none,on,0,32,16,882.0,571.0,0.0,14.0,133.0,98.0,22.0,20.0,4.0,20.0,10.0,24.0,191.0,1135.0
lut-exp,none,none,on,0,32,17,888.0,576.0,0.0,14.0,134.0,98.0,22.0,20.0,4.0,20.0,9.0,25.0,191.0,1163.0
lut-exp,none,none,on,0,32,18,893.0,579.0,0.0,14.0,134.0,99.0,23.0,20.0,4.0,20.0,8.0,25.0,191.0,1209.0
lut-exp,none,none,on,0,32,19,894.0,579.0,0.0,14.0,134.0,99.0,24.0,20.0,4.0,20.0,9.0,25.0,192.0,1229.0
lut-exp,none,none,on,0,32,100,914.0,598.0,0.0,14.0,132.0,101.0,23.0,22.0,4.0,20.0,10.0,25.0,192.0,1214.0
lut-exp,none,none,on,0,32,101,908.0,593.0,0.0,14.0,131.0,102.0,23.0,21.0,4.0,20.0,10.0,26.0,192.0,1205.0
lut-exp,none,none,on,0,32,102,911.0,593.0,0.0,14.0,132.0,102.0,23.0,22.0,4.0,21.0,10.0,27.0,191.0,1206.0
lut-exp,none,none,on,0,32,103,915.0,600.0,0.0,14.0,132.0,101.0,23.0,21.0,4.0,20.0,9.0,25.0,192.0,1231.0
lut-exp,none,none,on,0,32,104,913.0,596.0,0.0,14.0,133.0,102.0,23.0,21.0,4.0,20.0,10.0,25.0,192.0,1214.0
lut-exp,none,none,on,0,32,105,973.0,619.0,0.0,14.0,145.0,126.0,23.0,22.0,4.0,20.0,10.0,63.0,191.0,1319.0
lut-exp,none,none,on,0,32,106,1018.0,645.0,0.0,15.0,147.0,143.0,22.0,22.0,4.0,20.0,10.0,82.0,190.0,1281.0
lut-exp,none,none,on,0,32,107,1024.0,647.0,0.0,14.0,149.0,145.0,23.0,22.0,4.0,20.0,8.0,87.0,190.0,1310.0
lut-exp,none,none,on,0,32,108,1005.0,630.0,0.0,15.0,148.0,144.0,23.0,21.0,4.0,20.0,9.0,85.0,190.0,1370.0
lut-exp,none,none,on,0,32,109,1022.0,650.0,0.0,14.0,147.0,141.0,23.0,22.0,4.0,21.0,10.0,81.0,191.0,1371.0
lut-exp,none,none,on,0,32,110,1020.0,648.0,0.0,14.0,147.0,144.0,23.0,20.0,4.0,20.0,8.0,85.0,190.0,1274.0
lut-exp,none,none,on,0,32,111,1021.0,652.0,0.0,14.0,148.0,138.0,23.0,22.0,4.0,20.0,10.0,81.0,190.0,1371.0
lut-exp,none,none,on,0,32,112,992.0,623.0,0.0,14.0,148.0,139.0,23.0,21.0,4.0,20.0,9.0,80.0,191.0,1277.0
lut-exp,none,none,on,0,32,113,1018.0,642.0,0.0,14.0,150.0,144.0,23.0,21.0,4.0,20.0,9.0,88.0,191.0,1368.0
lut-exp,none,none,on,0,32,114,1010.0,637.0,0.0,14.0,152.0,138.0,23.0,22.0,4.0,20.0,10.0,83.0,190.0,1267.0
lut-exp,none,none,on,0,32,115,1019.0,648.0,0.0,14.0,145.0,143.0,23.0,22.0,4.0,20.0,9.0,82.0,190.0,1377.0
lut-exp,none,none,on,0,32,116,1023.0,633.0,0.0,14.0,148.0,160.0,23.0,21.0,4.0,20.0,10.0,103.0,190.0,1303.0
lut-exp,none,none,on,0,32,117,1073.0,655.0,0.0,14.0,170.0,167.0,22.0,21.0,4.0,20.0,9.0,130.0,190.0,1333.0
lut-exp,none,none,on,0,32,118,1078.0,661.0,0.0,14.0,169.0,165.0,23.0,22.0,4.0,20.0,10.0,129.0,190.0,1449.0
lut-exp,none,none,on,0,32,119,1070.0,648.0,0.0,14.0,174.0,166.0,23.0,21.0,4.0,20.0,10.0,133.0,190.0,1357.0
scna-fp16,exp,tree,off,8,4,0,940.0,214.0,158.0,2.0,381.0,330.0,4.0,3.0,2.0,4.0,0.0,0.0,0.0,1252.0
scna-fp16,exp,tree,off,8,4,1,946.0,217.0,160.0,2.0,381.0,333.0,4.0,3.0,2.0,4.0,0.0,0.0,0.0,1290.0
scna-fp16,exp,tree,off,8,4,2,939.0,215.0,158.0,2.0,381.0,328.0,4.0,3.0,2.0,4.0,0.0,0.0,0.0,1241.0
scna-fp16,exp,tree,off,8,4,3,940.0,216.0,158.0,2.0,380.0,329.0,4.0,3.0,2.0,4.0,0.0,0.0,0.0,1239.0
scna-fp16,exp,tree,off,8,4,4,942.0,215.0,158.0,2.0,381.0,331.0,4.0,3.0,2.0,4.0,0.0,0.0,0.0,1262.0
scna-fp16,exp,tree,off,8,4,5,942.0,216.0,158.0,2.0,384.0,327.0,4.0,3.0,2.0,4.0,0.0,0.0,0.0,1213.0
scna-fp16,exp,tree,off,8,4,6,944.0,215.0,156.0,3.0,383.0,331.0,4.0,2.0,2.0,4.0,0.0,0.0,0.0,1295.0
scna-fp16,exp,tree,off,8,4,7,937.0,215.0,157.0,2.0,380.0,327.0,4.0,3.0,2.0,4.0,0.0,0.0,0.0,1206.0
scna-fp16,exp,tree,off,8,4,8,936.0,214.0,157.0,2.0,379.0,328.0,4.0,3.0,2.0,4.0,0.0,0.0,0.0,1214.0
scna-fp16,exp,tree,off,8,4,9,940.0,218.0,158.0,2.0,382.0,325.0,4.0,3.0,2.0,4.0,0.0,0.0,0.0,1230.0
scna-fp16,exp,tree,off,8,4,10,1012.0,231.0,162.0,2.0,415.0,351.0,4.0,3.0,2.0,4.0,0.0,0.0,0.0,1274.0
scna-fp16,exp,tree,off,8,4,11,1069.0,247.0,167.0,2.0,442.0,365.0,4.0,3.0,2.0,4.0,0.0,0.0,0.0,1346.0
scna-fp16,exp,tree,off,8,4,12,1073.0,247.0,167.0,2.0,445.0,366.0,4.0,3.0,2.0,4.0,0.0,0.0,0.0,1359.0
scna-fp16,exp,tree,off,8,4,13,1070.0,246.0,168.0,2.0,445.0,364.0,4.0,4.0,2.0,3.0,0.0,0.0,0.0,1333.0
scna-fp16,exp,tree,off,8,4,14,1070.0,245.0,168.0,2.0,443.0,368.0,4.0,3.0,2.0,3.0,0.0,0.0,0.0,1317.0
scna-fp16,exp,tree,off,8,4,15,1063.0,244.0,168.0,2.0,444.0,361.0,4.0,3.0,2.0,3.0,0.0,0.0,0.0,1310.0
scna-fp16,exp,tree,off,8,4,16,1069.0,242.0,168.0,2.0,448.0,364.0,4.0,3.0,2.0,4.0,0.0,0.0,0.0,1324.0
scna-fp16,exp,tree,off,8,4,17,1065.0,243.0,167.0,2.0,446.0,363.0,4.0,2.0,2.0,3.0,0.0,0.0,0.0,1357.0
scna-fp16,exp,tree,off,8,4,18,1064.0,244.0,167.0,2.0,439.0,366.0,4.0,3.0,2.0,4.0,0.0,0.0,0.0,1410.0
scna-fp16,exp,tree,off,8,4,19,1067.0,244.0,167.0,2.0,444.0,365.0,4.0,3.0,2.0,3.0,0.0,0.0,0.0,1340.0
scna-fp16,exp,tree,off,8,4,100,899.0,217.0,156.0,2.0,351.0,319.0,4.0,3.0,1.0,2.0,0.0,0.0,0.0,1144.0
scna-fp16,exp,tree,off,8,4,101,892.0,219.0,155.0,2.0,339.0,322.0,4.0,2.0,1.0,3.0,0.0,0.0,0.0,1190.0
scna-fp16,exp,tree,off,8,4,102,895.0,216.0,155.0,2.0,346.0,322.0,4.0,2.0,1.0,2.0,0.0,0.0,0.0,1214.0
scna-fp16,exp,tree,off,8,4,103,896.0,216.0,155.0,2.0,348.0,321.0,4.0,2.0,1.0,2.0,0.0,0.0,0.0,1137.0
scna-fp16,exp,tree,off,8,4,104,897.0,219.0,157.0,2.0,339.0,328.0,4.0,2.0,1.0,2.0,0.0,0.0,0.0,1217.0
scna-fp16,exp,tree,off,8,4,105,890.0,216.0,155.0,2.0,338.0,325.0,4.0,2.0,1.0,2.0,0.0,0.0,0.0,1212.0
scna-fp16,exp,tree,off,8,4,106,892.0,217.0,155.0,2.0,338.0,326.0,4.0,2.0,1.0,2.0,0.0,0.0,0.0,1215.0
scna-fp16,exp,tree,off,8,4,107,895.0,218.0,155.0,2.0,338.0,327.0,4.0,3.0,1.0,2.0,0.0,0.0,0.0,1214.0
scna-fp16,exp,tree,off,8,4,108,892.0,216.0,155.0,2.0,337.0,327.0,4.0,3.0,1.0,2.0,0.0,0.0,0.0,1213.0
scna-fp16,exp,tree,off,8,4,109,887.0,216.0,155.0,2.0,341.0,319.0,4.0,2.0,1.0,2.0,0.0,0.0,0.0,1256.0
scna-fp16,exp,tree,off,8,4,110,897.0,216.0,155.0,2.0,343.0,326.0,4.0,2.0,1.0,3.0,0.0,0.0,0.0,1209.0
scna-fp16,exp,tree,off,8,4,111,895.0,217.0,154.0,2.0,339.0,327.0,4.0,2.0,1.0,3.0,0.0,0.0,0.0,1212.0
scna-fp16,exp,tree,off,8,4,112,888.0,212.0,151.0,2.0,341.0,324.0,4.0,2.0,1.0,2.0,0.0,0.0,0.0,1247.0
scna-fp16,exp,tree,off,8,4,113,892.0,216.0,154.0,2.0,339.0,326.0,4.0,2.0,1.0,2.0,0.0,0.0,0.0,1212.0
scna-fp16,exp,tree,off,8,4,114,894.0,214.0,155.0,2.0,343.0,325.0,4.0,3.0,1.0,2.0,0.0,0.0,0.0,1192.0
scna-fp16,exp,tree,off,8,4,115,891.0,215.0,153.0,3.0,343.0,320.0,4.0,3.0,1.0,2.0,0.0,0.0,0.0,1239.0
scna-fp16,exp,tree,off,8,4,116,888.0,213.0,154.0,2.0,342.0,321.0,4.0,3.0,1.0,2.0,0.0,0.0,0.0,1213.0
scna-fp16,exp,tree,off,8,4,117,882.0,212.0,153.0,2.0,338.0,320.0,4.0,3.0,1.0,2.0,0.0,0.0,0.0,1195.0
scna-fp16,exp,tree,off,8,4,118,882.0,213.0,152.0,2.0,337.0,320.0,4.0,3.0,1.0,2.0,0.0,0.0,0.0,1239.0
scna-fp16,exp,tree,off,8,4,119,890.0,212.0,153.0,2.0,337.0,329.0,4.0,3.0,1.0,2.0,0.0,0.0,0.0,1197.0
scna-fp16,exp,tree,off,8,8,0,950.0,359.0,276.0,4.0,288.0,275.0,8.0,7.0,3.0,6.0,0.0,0.0,0.0,1222.0
scna-fp16,exp,tree,off,8,8,1,958.0,360.0,277.0,4.0,301.0,269.0,8.0,7.0,3.0,6.0,0.0,0.0,0.0,1224.0
scna-fp16,exp,tree,off,8,8,2,952.0,361.0,278.0,4.0,296.0,268.0,8.0,6.0,3.0,6.0,0.0,0.0,0.0,1219.0
scna-fp16,exp,tree,off,8,8,3,951.0,360.0,277.0,4.0,297.0,267.0,8.0,6.0,3.0,6.0,0.0,0.0,0.0,1219.0
scna-fp16,exp,tree,off,8,8,4,945.0,359.0,278.0,4.0,294.0,264.0,8.0,7.0,3.0,6.0,0.0,0.0,0.0,1222.0
scna-fp16,exp,tree,off,8,8,5,957.0,361.0,278.0,4.0,296.0,272.0,8.0,7.0,3.0,6.0,0.0,0.0,0.0,1217.0
scna-fp16,exp,tree,off,8,8,6,948.0,361.0,277.0,4.0,295.0,265.0,8.0,6.0,3.0,6.0,0.0,0.0,0.0,1237.0
scna-fp16,exp,tree,off,8,8,7,1070.0,388.0,283.0,4.0,336.0,318.0,8.0,7.0,3.0,6.0,0.0,0.0,0.0,1341.0
scna-fp16,exp,tree,off,8,8,8,1065.0,385.0,283.0,4.0,339.0,314.0,8.0,6.0,3.0,6.0,0.0,0.0,0.0,1353.0
scna-fp16,exp,tree,off,8,8,9,1055.0,384.0,283.0,4.0,339.0,306.0,8.0,7.0,1.0,6.0,0.0,0.0,0.0,1438.0
scna-fp16,exp,tree,off,8,8,10,1085.0,389.0,282.0,5.0,343.0,324.0,8.0,7.0,3.0,6.0,0.0,0.0,0.0,1444.0
scna-fp16,exp,tree,off,8,8,11,1077.0,390.0,283.0,4.0,344.0,316.0,8.0,7.0,2.0,6.0,0.0,0.0,0.0,1362.0
scna-fp16,exp,tree,off,8,8,12,1086.0,393.0,282.0,4.0,352.0,314.0,8.0,7.0,2.0,6.0,0.0,0.0,0.0,1433.0
scna-fp16,exp,tree,off,8,8,13,1095.0,392.0,282.0,4.0,352.0,324.0,8.0,7.0,2.0,6.0,0.0,0.0,0.0,1432.0
scna-fp16,exp,tree,off,8,8,14,1095.0,391.0,282.0,4.0,352.0,324.0,8.0,7.0,3.0,6.0,0.0,0.0,0.0,1431.0
scna-fp16,exp,tree,off,8,8,15,1091.0,393.0,283.0,4.0,353.0,317.0,8.0,7.0,3.0,6.0,0.0,0.0,0.0,1438.0
scna-fp16,exp,tree,off,8,8,16,1070.0,386.0,282.0,4.0,344.0,313.0,8.0,7.0,2.0,6.0,0.0,0.0,0.0,1371.0
scna-fp16,exp,tree,off,8,8,17,1079.0,387.0,282.0,4.0,341.0,324.0,8.0,7.0,2.0,6.0,0.0,0.0,0.0,1468.0
scna-fp16,exp,tree,off,8,8,18,1138.0,406.0,291.0,4.0,358.0,347.0,8.0,7.0,2.0,6.0,0.0,0.0,0.0,1442.0
scna-fp16,exp,tree,off,8,8,19,1138.0,406.0,291.0,4.0,364.0,340.0,8.0,7.0,3.0,6.0,0.0,0.0,0.0,1449.0
scna-fp16,exp,tree,off,8,8,100,964.0,361.0,277.0,4.0,297.0,279.0,8.0,7.0,2.0,6.0,0.0,0.0,0.0,1314.0
scna-fp16,exp,tree,off,8,8,101,975.0,360.0,277.0,4.0,302.0,286.0,8.0,7.0,2.0,6.0,0.0,0.0,0.0,1328.0
scna-fp16,exp,tree,off,8,8,102,973.0,359.0,276.0,4.0,300.0,286.0,8.0,8.0,2.0,6.0,0.0,0.0,0.0,1324.0
scna-fp16,exp,tree,off,8,8,103,958.0,357.0,276.0,4.0,293.0,280.0,8.0,8.0,2.0,6.0,0.0,0.0,0.0,1207.0
scna-fp16,exp,tree,off,8,8,104,964.0,358.0,276.0,4.0,296.0,283.0,8.0,7.0,2.0,6.0,0.0,0.0,0.0,1318.0
scna-fp16,exp,tree,off,8,8,105,963.0,358.0,276.0,4.0,303.0,275.0,8.0,7.0,2.0,6.0,0.0,0.0,0.0,1313.0
scna-fp16,exp,tree,off,8,8,106,964.0,358.0,277.0,4.0,300.0,280.0,8.0,6.0,2.0,6.0,0.0,0.0,0.0,1315.0
scna-fp16,exp,tree,off,8,8,107,956.0,360.0,276.0,4.0,296.0,273.0,8.0,7.0,2.0,6.0,0.0,0.0,0.0,1204.0
scna-fp16,exp,tree,off,8,8,108,957.0,360.0,276.0,4.0,298.0,272.0,8.0,7.0,2.0,6.0,0.0,0.0,0.0,1311.0
scna-fp16,exp,tree,off,8,8,109,1061.0,376.0,283.0,4.0,333.0,325.0,8.0,7.0,2.0,6.0,0.0,0.0,0.0,1394.0
scna-fp16,exp,tree,off,8,8,110,1099.0,394.0,290.0,4.0,352.0,326.0,8.0,7.0,2.0,6.0,0.0,0.0,0.0,1412.0
scna-fp16,exp,tree,off,8,8,111,1107.0,392.0,290.0,4.0,358.0,330.0,8.0,7.0,2.0,6.0,0.0,0.0,0.0,1448.0
scna-fp16,exp,tree,off,8,8,112,1099.0,394.0,290.0,4.0,353.0,325.0,8.0,7.0,2.0,6.0,0.0,0.0,0.0,1358.0
scna-fp16,exp,tree,off,8,8,113,1102.0,395.0,289.0,4.0,351.0,329.0,8.0,7.0,2.0,6.0,0.0,0.0,0.0,1443.0
scna-fp16,exp,tree,off,8,8,114,1099.0,391.0,290.0,5.0,354.0,326.0,8.0,7.0,2.0,6.0,0.0,0.0,0.0,1470.0
scna-fp16,exp,tree,off,8,8,115,1100.0,394.0,289.0,5.0,352.0,325.0,8.0,8.0,2.0,6.0,0.0,0.0,0.0,1360.0
scna-fp16,exp,tree,off,8,8,116,1098.0,392.0,288.0,5.0,351.0,326.0,8.0,8.0,2.0,6.0,0.0,0.0,0.0,1347.0
scna-fp16,exp,tree,off,8,8,117,1103.0,393.0,290.0,4.0,357.0,327.0,8.0,6.0,2.0,6.0,0.0,0.0,0.0,1390.0
scna-fp16,exp,tree,off,8,8,118,1099.0,391.0,290.0,4.0,356.0,325.0,8.0,7.0,2.0,6.0,0.0,0.0,0.0,1454.0
scna-fp16,exp,tree,off,8,8,119,1105.0,390.0,289.0,5.0,363.0,323.0,8.0,8.0,2.0,6.0,0.0,0.0,0.0,1358.0
scna-fp16,exp,tree,off,8,16,0,1356.0,704.0,544.0,8.0,317.0,289.0,12.0,11.0,3.0,12.0,0.0,0.0,0.0,1691.0
scna-fp16,exp,tree,off,8,16,1,1350.0,706.0,544.0,8.0,309.0,290.0,12.0,11.0,3.0,11.0,0.0,0.0,0.0,1668.0
scna-fp16,exp,tree,off,8,16,2,1351.0,707.0,543.0,8.0,314.0,285.0,12.0,11.0,3.0,11.0,0.0,0.0,0.0,1662.0
scna-fp16,exp,tree,off,8,16,3,1495.0,753.0,557.0,8.0,369.0,328.0,12.0,11.0,3.0,11.0,0.0,0.0,0.0,1818.0
scna-fp16,exp,tree,off,8,16,4,1523.0,755.0,558.0,8.0,391.0,332.0,12.0,11.0,3.0,11.0,0.0,0.0,0.0,1802.0
scna-fp16,exp,tree,off,8,16,5,1506.0,748.0,557.0,8.0,386.0,327.0,12.0,11.0,3.0,11.0,0.0,0.0,0.0,1807.0
scna-fp16,exp,tree,off,8,16,6,1526.0,753.0,557.0,8.0,394.0,333.0,12.0,11.0,3.0,12.0,0.0,0.0,0.0,1832.0
scna-fp16,exp,tree,off,8,16,7,1511.0,751.0,556.0,8.0,387.0,327.0,12.0,11.0,3.0,12.0,0.0,0.0,0.0,1877.0
scna-fp16,exp,tree,off,8,16,8,1512.0,752.0,556.0,8.0,384.0,330.0,12.0,11.0,3.0,12.0,0.0,0.0,0.0,1880.0
scna-fp16,exp,tree,off,8,16,9,1508.0,753.0,556.0,8.0,390.0,320.0,12.0,11.0,3.0,11.0,0.0,0.0,0.0,1862.0
scna-fp16,exp,tree,off,8,16,10,1508.0,752.0,556.0,8.0,380.0,330.0,12.0,11.0,3.0,12.0,0.0,0.0,0.0,1864.0
scna-fp16,exp,tree,off,8,16,11,1579.0,768.0,562.0,8.0,421.0,344.0,12.0,11.0,3.0,12.0,0.0,0.0,0.0,1856.0
scna-fp16,exp,tree,off,8,16,12,1640.0,783.0,569.0,8.0,450.0,361.0,12.0,11.0,3.0,12.0,0.0,0.0,0.0,1901.0
scna-fp16,exp,tree,off,8,16,13,1638.0,783.0,569.0,8.0,449.0,360.0,12.0,11.0,3.0,12.0,0.0,0.0,0.0,1953.0
scna-fp16,exp,tree,off,8,16,14,1641.0,783.0,569.0,8.0,452.0,360.0,12.0,11.0,3.0,12.0,0.0,0.0,0.0,1912.0
scna-fp16,exp,tree,off,8,16,15,1643.0,782.0,570.0,8.0,454.0,361.0,12.0,11.0,3.0,12.0,0.0,0.0,0.0,1995.0
scna-fp16,exp,tree,off,8,16,16,1639.0,776.0,570.0,8.0,456.0,361.0,12.0,11.0,3.0,12.0,0.0,0.0,0.0,1998.0
scna-fp16,exp,tree,off,8,16,17,1634.0,782.0,572.0,8.0,447.0,360.0,12.0,11.0,3.0,11.0,0.0,0.0,0.0,2025.0
scna-fp16,exp,tree,off,8,16,18,1631.0,783.0,567.0,8.0,445.0,358.0,12.0,11.0,3.0,11.0,0.0,0.0,0.0,1904.0
scna-fp16,exp,tree,off,8,16,19,1658.0,787.0,567.0,8.0,460.0,365.0,12.0,11.0,3.0,12.0,0.0,0.0,0.0,1976.0
scna-fp16,exp,tree,off,8,16,100,1454.0,739.0,548.0,8.0,344.0,328.0,12.0,11.0,2.0,10.0,0.0,0.0,0.0,1749.0
scna-fp16,exp,tree,off,8,16,101,1450.0,736.0,548.0,8.0,350.0,321.0,12.0,11.0,2.0,10.0,0.0,0.0,0.0,1739.0
scna-fp16,exp,tree,off,8,16,102,1471.0,740.0,548.0,8.0,362.0,326.0,12.0,11.0,2.0,10.0,0.0,0.0,0.0,1760.0
scna-fp16,exp,tree,off,8,16,103,1461.0,738.0,548.0,8.0,362.0,318.0,12.0,11.0,2.0,10.0,0.0,0.0,0.0,1732.0
scna-fp16,exp,tree,off,8,16,104,1454.0,738.0,549.0,8.0,359.0,314.0,12.0,11.0,2.0,10.0,0.0,0.0,0.0,1756.0
scna-fp16,exp,tree,off,8,16,105,1455.0,735.0,548.0,8.0,354.0,321.0,12.0,12.0,2.0,11.0,0.0,0.0,0.0,1737.0
scna-fp16,exp,tree,off,8,16,106,1452.0,733.0,548.0,8.0,346.0,329.0,12.0,12.0,2.0,10.0,0.0,0.0,0.0,1775.0
scna-fp16,exp,tree,off,8,16,107,1462.0,732.0,548.0,8.0,357.0,329.0,12.0,12.0,2.0,10.0,0.0,0.0,0.0,1775.0
scna-fp16,exp,tree,off,8,16,108,1434.0,727.0,548.0,9.0,340.0,323.0,12.0,11.0,2.0,10.0,0.0,0.0,0.0,1767.0
scna-fp16,exp,tree,off,8,16,109,1446.0,733.0,548.0,8.0,355.0,315.0,12.0,11.0,2.0,10.0,0.0,0.0,0.0,1782.0
scna-fp16,exp,tree,off,8,16,110,1438.0,728.0,548.0,9.0,354.0,312.0,12.0,11.0,2.0,10.0,0.0,0.0,0.0,1753.0
scna-fp16,exp,tree,off,8,16,111,1447.0,736.0,547.0,8.0,354.0,313.0,12.0,11.0,2.0,11.0,0.0,0.0,0.0,1767.0
scna-fp16,exp,tree,off,8,16,112,1449.0,733.0,548.0,8.0,360.0,312.0,12.0,11.0,2.0,11.0,0.0,0.0,0.0,1730.0
scna-fp16,exp,tree,off,8,16,113,1446.0,735.0,547.0,8.0,354.0,314.0,12.0,11.0,2.0,10.0,0.0,0.0,0.0,1769.0
scna-fp16,exp,tree,off,8,16,114,1454.0,735.0,548.0,8.0,361.0,315.0,12.0,11.0,2.0,10.0,0.0,0.0,0.0,1736.0
scna-fp16,exp,tree,off,8,16,115,1449.0,736.0,548.0,8.0,353.0,317.0,12.0,11.0,2.0,10.0,0.0,0.0,0.0,1780.0
scna-fp16,exp,tree,off,8,16,116,1476.0,737.0,551.0,8.0,359.0,336.0,12.0,12.0,2.0,10.0,0.0,0.0,0.0,1754.0
scna-fp16,exp,tree,off,8,16,117,1501.0,746.0,554.0,8.0,379.0,333.0,12.0,11.0,2.0,10.0,0.0,0.0,0.0,1870.0
scna-fp16,exp,tree,off,8,16,118,1500.0,748.0,553.0,8.0,379.0,329.0,12.0,12.0,2.0,10.0,0.0,0.0,0.0,1776.0
scna-fp16,exp,tree,off,8,16,119,1501.0,744.0,554.0,8.0,385.0,326.0,12.0,13.0,2.0,11.0,0.0,0.0,0.0,1842.0
scna-fp16,exp,tree,off,8,32,0,2042.0,1388.0,1078.0,15.0,291.0,274.0,24.0,24.0,4.0,22.0,0.0,0.0,0.0,2410.0
scna-fp16,exp,tree,off,8,32,1,2278.0,1466.0,1088.0,16.0,389.0,334.0,24.0,24.0,3.0,22.0,0.0,0.0,0.0,2581.0
scna-fp16,exp,tree,off,8,32,2,2284.0,1466.0,1090.0,15.0,399.0,331.0,24.0,23.0,4.0,22.0,0.0,0.0,0.0,2653.0
scna-fp16,exp,tree,off,8,32,3,2281.0,1462.0,1088.0,16.0,396.0,334.0,24.0,23.0,4.0,22.0,0.0,0.0,0.0,2690.0
scna-fp16,exp,tree,off,8,32,4,2285.0,1465.0,1088.0,15.0,401.0,331.0,24.0,23.0,4.0,22.0,0.0,0.0,0.0,2635.0
scna-fp16,exp,tree,off,8,32,5,2277.0,1464.0,1088.0,15.0,394.0,331.0,24.0,23.0,4.0,22.0,0.0,0.0,0.0,2661.0
scna-fp16,exp,tree,off,8,32,6,2283.0,1463.0,1088.0,16.0,395.0,336.0,24.0,23.0,4.0,22.0,0.0,0.0,0.0,2596.0
scna-fp16,exp,tree,off,8,32,7,2237.0,1450.0,1081.0,16.0,372.0,325.0,24.0,24.0,4.0,22.0,0.0,0.0,0.0,2522.0
scna-fp16,exp,tree,off,8,32,8,2213.0,1444.0,1082.0,15.0,366.0,315.0,24.0,23.0,4.0,22.0,0.0,0.0,0.0,2598.0
scna-fp16,exp,tree,off,8,32,9,2224.0,1448.0,1082.0,15.0,366.0,322.0,24.0,23.0,4.0,22.0,0.0,0.0,0.0,2622.0
scna-fp16,exp,tree,off,8,32,10,2224.0,1446.0,1083.0,15.0,363.0,326.0,24.0,24.0,4.0,22.0,0.0,0.0,0.0,2608.0
scna-fp16,exp,tree,off,8,32,11,2229.0,1449.0,1081.0,16.0,365.0,326.0,24.0,23.0,4.0,22.0,0.0,0.0,0.0,2618.0
scna-fp16,exp,tree,off,8,32,12,2214.0,1444.0,1081.0,15.0,357.0,325.0,24.0,24.0,3.0,22.0,0.0,0.0,0.0,2551.0
scna-fp16,exp,tree,off,8,32,13,2197.0,1429.0,1078.0,15.0,361.0,319.0,24.0,23.0,4.0,22.0,0.0,0.0,0.0,2555.0
scna-fp16,exp,tree,off,8,32,14,2157.0,1411.0,1077.0,15.0,328.0,329.0,24.0,24.0,4.0,22.0,0.0,0.0,0.0,2549.0
scna-fp16,exp,tree,off,8,32,15,2178.0,1421.0,1078.0,15.0,337.0,332.0,24.0,23.0,4.0,22.0,0.0,0.0,0.0,2562.0
scna-fp16,exp,tree,off,8,32,16,2180.0,1422.0,1077.0,16.0,344.0,325.0,24.0,23.0,4.0,22.0,0.0,0.0,0.0,2550.0
scna-fp16,exp,tree,off,8,32,17,2183.0,1420.0,1078.0,15.0,351.0,323.0,24.0,24.0,4.0,22.0,0.0,0.0,0.0,2545.0
scna-fp16,exp,tree,off,8,32,18,2179.0,1426.0,1078.0,15.0,350.0,315.0,24.0,23.0,4.0,22.0,0.0,0.0,0.0,2491.0
scna-fp16,exp,tree,off,8,32,19,2213.0,1446.0,1081.0,15.0,358.0,321.0,24.0,23.0,4.0,22.0,0.0,0.0,0.0,2588.0
scna-fp16,exp,tree,off,8,32,100,2243.0,1454.0,1082.0,15.0,375.0,328.0,24.0,23.0,3.0,21.0,0.0,0.0,0.0,2616.0
scna-fp16,exp,tree,off,8,32,101,2233.0,1448.0,1082.0,15.0,373.0,326.0,24.0,23.0,3.0,21.0,0.0,0.0,0.0,2593.0
scna-fp16,exp,tree,off,8,32,102,2242.0,1456.0,1082.0,16.0,376.0,321.0,24.0,24.0,3.0,22.0,0.0,0.0,0.0,2629.0
scna-fp16,exp,tree,off,8,32,103,2231.0,1448.0,1082.0,15.0,372.0,325.0,24.0,23.0,3.0,21.0,0.0,0.0,0.0,2601.0
scna-fp16,exp,tree,off,8,32,104,2269.0,1457.0,1086.0,16.0,388.0,337.0,24.0,23.0,3.0,21.0,0.0,0.0,0.0,2654.0
scna-fp16,exp,tree,off,8,32,105,2293.0,1462.0,1089.0,16.0,407.0,337.0,24.0,23.0,3.0,21.0,0.0,0.0,0.0,2690.0
scna-fp16,exp,tree,off,8,32,106,2297.0,1466.0,1089.0,16.0,408.0,336.0,24.0,23.0,3.0,21.0,0.0,0.0,0.0,2697.0
scna-fp16,exp,tree,off,8,32,107,2300.0,1466.0,1091.0,15.0,410.0,338.0,24.0,23.0,3.0,21.0,0.0,0.0,0.0,2613.0
scna-fp16,exp,tree,off,8,32,108,2290.0,1460.0,1088.0,16.0,406.0,337.0,24.0,23.0,3.0,21.0,0.0,0.0,0.0,2675.0
scna-fp16,exp,tree,off,8,32,109,2298.0,1464.0,1090.0,16.0,409.0,338.0,24.0,23.0,3.0,21.0,0.0,0.0,0.0,2700.0
scna-fp16,exp,tree,off,8,32,110,2298.0,1463.0,1090.0,16.0,409.0,339.0,24.0,23.0,3.0,21.0,0.0,0.0,0.0,2647.0
scna-fp16,exp,tree,off,8,32,111,2285.0,1458.0,1088.0,16.0,406.0,334.0,24.0,23.0,3.0,21.0,0.0,0.0,0.0,2697.0
scna-fp16,exp,tree,off,8,32,112,2293.0,1460.0,1090.0,16.0,409.0,336.0,24.0,23.0,3.0,22.0,0.0,0.0,0.0,2648.0
scna-fp16,exp,tree,off,8,32,113,2298.0,1464.0,1089.0,16.0,408.0,339.0,24.0,23.0,3.0,21.0,0.0,0.0,0.0,2639.0
scna-fp16,exp,tree,off,8,32,114,2291.0,1465.0,1089.0,16.0,406.0,333.0,24.0,23.0,3.0,21.0,0.0,0.0,0.0,2594.0
scna-fp16,exp,tree,off,8,32,115,2295.0,1461.0,1089.0,16.0,409.0,337.0,24.0,24.0,3.0,21.0,0.0,0.0,0.0,2683.0
scna-fp16,exp,tree,off,8,32,116,2296.0,1463.0,1089.0,16.0,408.0,338.0,24.0,23.0,3.0,21.0,0.0,0.0,0.0,2640.0
scna-fp16,exp,tree,off,8,32,117,2280.0,1456.0,1087.0,15.0,398.0,338.0,24.0,24.0,3.0,22.0,0.0,0.0,0.0,2680.0
scna-fp16,exp,tree,off,8,32,118,2271.0,1451.0,1087.0,15.0,402.0,331.0,24.0,24.0,3.0,21.0,0.0,0.0,0.0,2614.0
scna-fp16,exp,tree,off,8,32,119,2293.0,1460.0,1086.0,16.0,404.0,341.0,24.0,24.0,3.0,21.0,0.0,0.0,0.0,2622.0
scna-fp16,exp,tree,on,8,4,0,564.0,209.0,150.0,1.0,179.0,166.0,4.0,1.0,1.0,3.0,9.0,138.0,190.0,789.0
scna-fp16,exp,tree,on,8,4,1,561.0,207.0,151.0,1.0,178.0,167.0,4.0,1.0,1.0,2.0,8.0,138.0,190.0,784.0
scna-fp16,exp,tree,on,8,4,2,550.0,207.0,150.0,1.0,176.0,159.0,4.0,0.0,1.0,2.0,10.0,127.0,190.0,790.0
scna-fp16,exp,tree,on,8,4,3,547.0,205.0,150.0,1.0,176.0,157.0,3.0,1.0,1.0,3.0,10.0,125.0,190.0,727.0
scna-fp16,exp,tree,on,8,4,4,546.0,205.0,150.0,1.0,178.0,156.0,3.0,0.0,1.0,2.0,9.0,128.0,190.0,809.0
scna-fp16,exp,tree,on,8,4,5,542.0,205.0,150.0,1.0,174.0,155.0,3.0,1.0,1.0,2.0,9.0,123.0,190.0,826.0
scna-fp16,exp,tree,on,8,4,6,542.0,206.0,151.0,1.0,172.0,156.0,3.0,0.0,1.0,3.0,9.0,123.0,190.0,824.0
scna-fp16,exp,tree,on,8,4,7,587.0,214.0,155.0,1.0,186.0,179.0,3.0,1.0,1.0,2.0,10.0,158.0,190.0,785.0
scna-fp16,exp,tree,on,8,4,8,651.0,230.0,159.0,1.0,216.0,197.0,3.0,1.0,1.0,2.0,10.0,207.0,190.0,900.0
scna-fp16,exp,tree,on,8,4,9,654.0,229.0,159.0,2.0,219.0,195.0,4.0,1.0,1.0,3.0,9.0,208.0,190.0,880.0
scna-fp16,exp,tree,on,8,4,10,657.0,226.0,160.0,2.0,219.0,202.0,4.0,1.0,1.0,2.0,10.0,215.0,190.0,910.0
scna-fp16,exp,tree,on,8,4,11,655.0,227.0,160.0,1.0,218.0,202.0,3.0,0.0,1.0,3.0,9.0,213.0,190.0,907.0
scna-fp16,exp,tree,on,8,4,12,649.0,228.0,159.0,1.0,217.0,196.0,3.0,1.0,1.0,2.0,9.0,206.0,191.0,899.0
scna-fp16,exp,tree,on,8,4,13,649.0,227.0,159.0,1.0,216.0,198.0,3.0,1.0,1.0,2.0,9.0,208.0,190.0,931.0
scna-fp16,exp,tree,on,8,4,14,647.0,227.0,160.0,1.0,217.0,195.0,3.0,0.0,1.0,3.0,9.0,206.0,190.0,885.0
scna-fp16,exp,tree,on,8,4,15,649.0,228.0,160.0,1.0,216.0,195.0,4.0,1.0,1.0,3.0,8.0,205.0,190.0,902.0
scna-fp16,exp,tree,on,8,4,16,650.0,229.0,159.0,1.0,217.0,195.0,3.0,1.0,1.0,3.0,10.0,206.0,190.0,903.0
scna-fp16,exp,tree,on,8,4,17,650.0,228.0,159.0,1.0,217.0,197.0,3.0,1.0,1.0,2.0,8.0,206.0,190.0,855.0
scna-fp16,exp,tree,on,8,4,18,649.0,227.0,159.0,1.0,217.0,195.0,4.0,1.0,1.0,3.0,8.0,206.0,190.0,860.0
scna-fp16,exp,tree,on,8,4,19,647.0,230.0,160.0,1.0,215.0,194.0,3.0,1.0,1.0,2.0,9.0,204.0,190.0,954.0
scna-fp16,exp,tree,on,8,4,100,499.0,194.0,146.0,2.0,152.0,144.0,4.0,0.0,0.0,3.0,9.0,90.0,191.0,793.0
scna-fp16,exp,tree,on,8,4,101,490.0,194.0,146.0,2.0,149.0,139.0,3.0,0.0,0.0,3.0,9.0,81.0,190.0,780.0
scna-fp16,exp,tree,on,8,4,102,494.0,192.0,145.0,2.0,149.0,144.0,4.0,0.0,0.0,3.0,10.0,85.0,190.0,746.0
scna-fp16,exp,tree,on,8,4,103,495.0,193.0,146.0,2.0,149.0,145.0,4.0,0.0,0.0,2.0,9.0,87.0,190.0,743.0
scna-fp16,exp,tree,on,8,4,104,489.0,193.0,145.0,2.0,149.0,139.0,3.0,0.0,0.0,3.0,8.0,81.0,190.0,751.0
scna-fp16,exp,tree,on,8,4,105,485.0,192.0,146.0,2.0,148.0,137.0,3.0,0.0,0.0,3.0,8.0,79.0,190.0,754.0
scna-fp16,exp,tree,on,8,4,106,491.0,191.0,146.0,1.0,147.0,145.0,4.0,0.0,0.0,3.0,10.0,85.0,190.0,741.0
scna-fp16,exp,tree,on,8,4,107,486.0,191.0,146.0,2.0,148.0,138.0,4.0,0.0,0.0,3.0,8.0,79.0,190.0,752.0
scna-fp16,exp,tree,on,8,4,108,488.0,190.0,144.0,2.0,149.0,142.0,3.0,0.0,0.0,2.0,9.0,85.0,190.0,758.0
scna-fp16,exp,tree,on,8,4,109,490.0,191.0,145.0,2.0,145.0,146.0,4.0,0.0,0.0,2.0,9.0,85.0,190.0,764.0
scna-fp16,exp,tree,on,8,4,110,492.0,191.0,145.0,2.0,151.0,142.0,4.0,0.0,0.0,2.0,10.0,86.0,190.0,744.0
scna-fp16,exp,tree,on,8,4,111,484.0,190.0,145.0,2.0,147.0,138.0,4.0,0.0,0.0,3.0,10.0,79.0,190.0,750.0
scna-fp16,exp,tree,on,8,4,112,490.0,191.0,145.0,2.0,148.0,143.0,4.0,0.0,0.0,2.0,9.0,84.0,190.0,757.0
scna-fp16,exp,tree,on,8,4,113,483.0,190.0,145.0,2.0,147.0,137.0,4.0,0.0,0.0,3.0,8.0,78.0,190.0,764.0
scna-fp16,exp,tree,on,8,4,114,483.0,191.0,144.0,2.0,151.0,134.0,3.0,0.0,0.0,2.0,9.0,79.0,190.0,736.0
scna-fp16,exp,tree,on,8,4,115,481.0,190.0,145.0,2.0,148.0,136.0,3.0,0.0,0.0,2.0,10.0,78.0,191.0,745.0
scna-fp16,exp,tree,on,8,4,116,533.0,201.0,148.0,2.0,158.0,166.0,3.0,0.0,0.0,3.0,10.0,118.0,191.0,800.0
scna-fp16,exp,tree,on,8,4,117,548.0,208.0,150.0,2.0,174.0,159.0,3.0,0.0,0.0,2.0,9.0,126.0,191.0,845.0
scna-fp16,exp,tree,on,8,4,118,544.0,207.0,149.0,2.0,171.0,159.0,3.0,0.0,0.0,2.0,9.0,124.0,190.0,815.0
scna-fp16,exp,tree,on,8,4,119,544.0,206.0,150.0,2.0,171.0,159.0,3.0,0.0,0.0,3.0,9.0,123.0,190.0,839.0
scna-fp16,exp,tree,on,8,8,0,611.0,350.0,272.0,4.0,134.0,103.0,8.0,5.0,2.0,5.0,8.0,28.0,192.0,885.0
scna-fp16,exp,tree,on,8,8,1,609.0,351.0,272.0,3.0,132.0,103.0,8.0,5.0,2.0,5.0,9.0,27.0,192.0,896.0
scna-fp16,exp,tree,on,8,8,2,607.0,351.0,272.0,3.0,132.0,102.0,7.0,5.0,2.0,5.0,10.0,26.0,192.0,897.0
scna-fp16,exp,tree,on,8,8,3,609.0,351.0,272.0,3.0,133.0,102.0,8.0,5.0,2.0,5.0,8.0,27.0,191.0,881.0
scna-fp16,exp,tree,on,8,8,4,611.0,353.0,272.0,3.0,133.0,102.0,8.0,5.0,2.0,5.0,9.0,28.0,191.0,879.0
scna-fp16,exp,tree,on,8,8,5,609.0,353.0,272.0,3.0,133.0,101.0,8.0,4.0,2.0,5.0,8.0,27.0,191.0,894.0
scna-fp16,exp,tree,on,8,8,6,610.0,352.0,272.0,3.0,134.0,101.0,8.0,5.0,2.0,5.0,9.0,27.0,192.0,894.0
scna-fp16,exp,tree,on,8,8,7,610.0,353.0,272.0,3.0,132.0,102.0,8.0,5.0,2.0,5.0,9.0,28.0,191.0,888.0
scna-fp16,exp,tree,on,8,8,8,609.0,353.0,272.0,3.0,133.0,101.0,7.0,5.0,2.0,5.0,9.0,26.0,191.0,887.0
scna-fp16,exp,tree,on,8,8,9,608.0,352.0,272.0,3.0,132.0,101.0,8.0,5.0,2.0,5.0,9.0,26.0,192.0,888.0
scna-fp16,exp,tree,on,8,8,10,612.0,354.0,272.0,3.0,133.0,102.0,8.0,5.0,2.0,5.0,9.0,28.0,191.0,888.0
scna-fp16,exp,tree,on,8,8,11,694.0,363.0,279.0,3.0,151.0,157.0,8.0,5.0,2.0,5.0,8.0,101.0,190.0,945.0
scna-fp16,exp,tree,on,8,8,12,735.0,383.0,285.0,3.0,170.0,159.0,8.0,5.0,2.0,5.0,10.0,122.0,190.0,922.0
scna-fp16,exp,tree,on,8,8,13,748.0,387.0,285.0,4.0,173.0,164.0,8.0,5.0,2.0,5.0,8.0,131.0,190.0,1047.0
scna-fp16,exp,tree,on,8,8,14,734.0,380.0,284.0,4.0,172.0,159.0,7.0,5.0,2.0,5.0,9.0,125.0,190.0,956.0
scna-fp16,exp,tree,on,8,8,15,724.0,377.0,284.0,3.0,168.0,156.0,8.0,5.0,2.0,5.0,9.0,119.0,191.0,925.0
scna-fp16,exp,tree,on,8,8,16,729.0,376.0,284.0,4.0,167.0,162.0,8.0,5.0,2.0,5.0,8.0,122.0,190.0,994.0
scna-fp16,exp,tree,on,8,8,17,727.0,379.0,284.0,3.0,169.0,156.0,8.0,5.0,2.0,5.0,9.0,118.0,190.0,975.0
scna-fp16,exp,tree,on,8,8,18,727.0,378.0,284.0,3.0,170.0,156.0,8.0,5.0,2.0,5.0,10.0,120.0,190.0,976.0
scna-fp16,exp,tree,on,8,8,19,723.0,376.0,284.0,3.0,168.0,156.0,8.0,5.0,2.0,5.0,9.0,118.0,190.0,1002.0
scna-fp16,exp,tree,on,8,8,100,611.0,352.0,272.0,3.0,134.0,104.0,8.0,4.0,2.0,4.0,9.0,29.0,192.0,875.0
scna-fp16,exp,tree,on,8,8,101,608.0,352.0,272.0,3.0,133.0,102.0,8.0,4.0,2.0,4.0,9.0,27.0,192.0,920.0
scna-fp16,exp,tree,on,8,8,102,607.0,352.0,272.0,3.0,132.0,102.0,8.0,4.0,2.0,4.0,10.0,27.0,191.0,883.0
scna-fp16,exp,tree,on,8,8,103,610.0,353.0,272.0,3.0,133.0,103.0,8.0,4.0,2.0,4.0,10.0,29.0,191.0,877.0
scna-fp16,exp,tree,on,8,8,104,608.0,352.0,272.0,3.0,133.0,102.0,8.0,4.0,2.0,4.0,10.0,27.0,192.0,877.0
scna-fp16,exp,tree,on,8,8,105,608.0,353.0,272.0,3.0,132.0,102.0,8.0,4.0,2.0,4.0,9.0,28.0,192.0,877.0
scna-fp16,exp,tree,on,8,8,106,605.0,350.0,272.0,3.0,133.0,100.0,8.0,4.0,2.0,5.0,10.0,25.0,192.0,876.0
scna-fp16,exp,tree,on,8,8,107,610.0,352.0,272.0,3.0,133.0,103.0,8.0,4.0,2.0,5.0,9.0,28.0,192.0,877.0
scna-fp16,exp,tree,on,8,8,108,606.0,352.0,272.0,3.0,131.0,102.0,8.0,4.0,2.0,4.0,8.0,26.0,191.0,876.0
scna-fp16,exp,tree,on,8,8,109,610.0,353.0,272.0,3.0,133.0,103.0,8.0,4.0,2.0,4.0,8.0,28.0,191.0,877.0
scna-fp16,exp,tree,on,8,8,110,608.0,352.0,272.0,3.0,132.0,103.0,8.0,4.0,2.0,4.0,10.0,28.0,192.0,803.0
scna-fp16,exp,tree,on,8,8,111,785.0,395.0,284.0,4.0,189.0,179.0,8.0,4.0,2.0,4.0,9.0,161.0,190.0,1044.0
scna-fp16,exp,tree,on,8,8,112,787.0,394.0,286.0,4.0,189.0,182.0,8.0,4.0,2.0,4.0,10.0,164.0,190.0,1046.0
scna-fp16,exp,tree,on,8,8,113,790.0,395.0,284.0,4.0,190.0,183.0,8.0,4.0,2.0,4.0,9.0,166.0,190.0,1043.0
scna-fp16,exp,tree,on,8,8,114,768.0,391.0,284.0,4.0,182.0,172.0,8.0,4.0,2.0,5.0,9.0,149.0,190.0,1044.0
scna-fp16,exp,tree,on,8,8,115,785.0,393.0,284.0,4.0,189.0,181.0,8.0,4.0,2.0,4.0,9.0,163.0,190.0,1044.0
scna-fp16,exp,tree,on,8,8,116,776.0,393.0,284.0,4.0,187.0,174.0,8.0,4.0,2.0,4.0,10.0,153.0,191.0,1175.0
scna-fp16,exp,tree,on,8,8,117,761.0,389.0,284.0,4.0,180.0,170.0,8.0,4.0,2.0,4.0,10.0,143.0,190.0,970.0
scna-fp16,exp,tree,on,8,8,118,772.0,391.0,283.0,4.0,183.0,176.0,8.0,4.0,2.0,4.0,8.0,152.0,191.0,1050.0
scna-fp16,exp,tree,on,8,8,119,776.0,390.0,284.0,4.0,186.0,178.0,8.0,4.0,2.0,4.0,9.0,156.0,190.0,1042.0
scna-fp16,exp,tree,on,8,16,0,968.0,694.0,540.0,7.0,132.0,102.0,12.0,9.0,2.0,10.0,10.0,26.0,192.0,1220.0
scna-fp16,exp,tree,on,8,16,1,965.0,692.0,540.0,7.0,131.0,102.0,12.0,9.0,2.0,10.0,9.0,26.0,192.0,1210.0
scna-fp16,exp,tree,on,8,16,2,968.0,694.0,540.0,7.0,132.0,102.0,12.0,9.0,2.0,10.0,9.0,26.0,192.0,1210.0
scna-fp16,exp,tree,on,8,16,3,967.0,693.0,539.0,7.0,132.0,102.0,12.0,9.0,2.0,10.0,9.0,26.0,191.0,1208.0
scna-fp16,exp,tree,on,8,16,4,967.0,694.0,540.0,8.0,131.0,101.0,12.0,9.0,2.0,10.0,9.0,25.0,192.0,1226.0
scna-fp16,exp,tree,on,8,16,5,967.0,693.0,539.0,7.0,132.0,102.0,12.0,9.0,2.0,10.0,10.0,27.0,191.0,1255.0
scna-fp16,exp,tree,on,8,16,6,1060.0,726.0,546.0,7.0,148.0,146.0,12.0,9.0,2.0,10.0,10.0,88.0,191.0,1358.0
scna-fp16,exp,tree,on,8,16,7,1055.0,725.0,546.0,7.0,148.0,142.0,12.0,9.0,2.0,10.0,10.0,85.0,190.0,1264.0
scna-fp16,exp,tree,on,8,16,8,1042.0,711.0,546.0,7.0,152.0,140.0,11.0,9.0,2.0,10.0,8.0,87.0,190.0,1356.0
scna-fp16,exp,tree,on,8,16,9,1058.0,725.0,546.0,7.0,148.0,145.0,12.0,9.0,2.0,10.0,9.0,86.0,190.0,1370.0
scna-fp16,exp,tree,on,8,16,10,1051.0,720.0,545.0,7.0,147.0,144.0,12.0,9.0,2.0,10.0,9.0,84.0,191.0,1371.0
scna-fp16,exp,tree,on,8,16,11,1052.0,724.0,545.0,7.0,151.0,137.0,12.0,9.0,2.0,10.0,10.0,81.0,191.0,1256.0
scna-fp16,exp,tree,on,8,16,12,1037.0,713.0,545.0,8.0,147.0,136.0,12.0,9.0,2.0,10.0,10.0,76.0,190.0,1359.0
scna-fp16,exp,tree,on,8,16,13,1053.0,725.0,546.0,7.0,151.0,137.0,12.0,9.0,2.0,10.0,9.0,82.0,190.0,1360.0
scna-fp16,exp,tree,on,8,16,14,1049.0,721.0,545.0,7.0,149.0,139.0,12.0,9.0,2.0,10.0,9.0,80.0,190.0,1277.0
scna-fp16,exp,tree,on,8,16,15,1037.0,714.0,544.0,7.0,147.0,136.0,12.0,9.0,2.0,10.0,10.0,76.0,190.0,1245.0
scna-fp16,exp,tree,on,8,16,16,1049.0,725.0,545.0,7.0,146.0,138.0,12.0,9.0,2.0,10.0,10.0,77.0,190.0,1367.0
scna-fp16,exp,tree,on,8,16,17,1222.0,759.0,564.0,7.0,213.0,210.0,12.0,9.0,2.0,10.0,10.0,218.0,190.0,1497.0
scna-fp16,exp,tree,on,8,16,18,1226.0,757.0,562.0,7.0,221.0,208.0,12.0,9.0,2.0,10.0,10.0,223.0,190.0,1462.0
scna-fp16,exp,tree,on,8,16,19,1219.0,759.0,562.0,7.0,214.0,206.0,12.0,9.0,2.0,10.0,10.0,213.0,190.0,1490.0
scna-fp16,exp,tree,on,8,16,100,967.0,692.0,540.0,7.0,133.0,101.0,12.0,9.0,2.0,11.0,9.0,27.0,192.0,1205.0
scna-fp16,exp,tree,on,8,16,101,971.0,695.0,540.0,7.0,133.0,102.0,12.0,9.0,2.0,11.0,9.0,26.0,192.0,1202.0
scna-fp16,exp,tree,on,8,16,102,967.0,692.0,539.0,7.0,133.0,102.0,11.0,9.0,2.0,11.0,9.0,26.0,192.0,1208.0
scna-fp16,exp,tree,on,8,16,103,972.0,696.0,539.0,7.0,133.0,102.0,12.0,9.0,2.0,11.0,10.0,28.0,192.0,1203.0
scna-fp16,exp,tree,on,8,16,104,974.0,697.0,540.0,7.0,133.0,103.0,12.0,9.0,2.0,11.0,8.0,27.0,192.0,1204.0
scna-fp16,exp,tree,on,8,16,105,971.0,696.0,540.0,7.0,133.0,102.0,12.0,9.0,2.0,10.0,9.0,25.0,193.0,1217.0
scna-fp16,exp,tree,on,8,16,106,1050.0,711.0,546.0,7.0,153.0,145.0,12.0,9.0,2.0,11.0,10.0,93.0,191.0,1361.0
scna-fp16,exp,tree,on,8,16,107,1058.0,719.0,546.0,7.0,154.0,144.0,12.0,9.0,2.0,11.0,9.0,91.0,191.0,1362.0
scna-fp16,exp,tree,on,8,16,108,1056.0,721.0,546.0,7.0,156.0,138.0,12.0,9.0,2.0,11.0,10.0,86.0,191.0,1269.0
scna-fp16,exp,tree,on,8,16,109,1061.0,720.0,546.0,8.0,154.0,145.0,12.0,9.0,2.0,11.0,9.0,91.0,190.0,1361.0
scna-fp16,exp,tree,on,8,16,110,1056.0,718.0,546.0,7.0,155.0,142.0,12.0,9.0,2.0,11.0,9.0,90.0,191.0,1285.0
scna-fp16,exp,tree,on,8,16,111,1056.0,722.0,546.0,8.0,153.0,140.0,12.0,9.0,2.0,10.0,10.0,86.0,191.0,1366.0
scna-fp16,exp,tree,on,8,16,112,1051.0,720.0,546.0,8.0,148.0,141.0,12.0,9.0,2.0,11.0,10.0,83.0,190.0,1258.0
scna-fp16,exp,tree,on,8,16,113,1058.0,723.0,546.0,8.0,149.0,144.0,12.0,9.0,2.0,11.0,9.0,86.0,191.0,1363.0
scna-fp16,exp,tree,on,8,16,114,1068.0,727.0,546.0,8.0,154.0,145.0,12.0,9.0,2.0,11.0,9.0,93.0,191.0,1282.0
scna-fp16,exp,tree,on,8,16,115,1069.0,729.0,546.0,7.0,153.0,146.0,12.0,9.0,2.0,11.0,10.0,92.0,191.0,1359.0
scna-fp16,exp,tree,on,8,16,116,1071.0,729.0,545.0,7.0,155.0,146.0,12.0,9.0,2.0,11.0,8.0,93.0,191.0,1360.0
scna-fp16,exp,tree,on,8,16,117,1115.0,735.0,549.0,7.0,167.0,172.0,12.0,9.0,2.0,11.0,8.0,131.0,192.0,1349.0
scna-fp16,exp,tree,on,8,16,118,1123.0,732.0,552.0,8.0,179.0,171.0,12.0,9.0,2.0,10.0,8.0,143.0,191.0,1459.0
scna-fp16,exp,tree,on,8,16,119,1098.0,730.0,551.0,7.0,169.0,158.0,12.0,9.0,2.0,11.0,10.0,120.0,192.0,1315.0
scna-fp16,exp,tree,on,8,32,0,1697.0,1381.0,1074.0,14.0,132.0,103.0,23.0,20.0,4.0,20.0,8.0,28.0,191.0,1982.0
scna-fp16,exp,tree,on,8,32,1,1701.0,1378.0,1074.0,14.0,132.0,110.0,22.0,21.0,4.0,20.0,9.0,34.0,192.0,2049.0
scna-fp16,exp,tree,on,8,32,2,1819.0,1447.0,1079.0,14.0,152.0,140.0,22.0,20.0,4.0,20.0,8.0,85.0,190.0,2123.0
scna-fp16,exp,tree,on,8,32,3,1802.0,1431.0,1078.0,14.0,146.0,143.0,22.0,21.0,4.0,21.0,9.0,82.0,191.0,2107.0
scna-fp16,exp,tree,on,8,32,4,1816.0,1443.0,1078.0,14.0,146.0,146.0,22.0,21.0,4.0,20.0,10.0,85.0,191.0,2132.0
scna-fp16,exp,tree,on,8,32,5,1808.0,1437.0,1079.0,14.0,146.0,144.0,22.0,21.0,4.0,20.0,8.0,83.0,191.0,2109.0
scna-fp16,exp,tree,on,8,32,6,1812.0,1437.0,1079.0,14.0,152.0,141.0,23.0,21.0,4.0,20.0,9.0,86.0,191.0,2142.0
scna-fp16,exp,tree,on,8,32,7,1810.0,1433.0,1079.0,14.0,153.0,142.0,22.0,21.0,4.0,21.0,10.0,88.0,190.0,2135.0
scna-fp16,exp,tree,on,8,32,8,1804.0,1433.0,1078.0,14.0,146.0,144.0,22.0,21.0,4.0,20.0,9.0,83.0,191.0,2107.0
scna-fp16,exp,tree,on,8,32,9,1862.0,1453.0,1084.0,14.0,165.0,164.0,22.0,20.0,4.0,20.0,8.0,123.0,191.0,2117.0
scna-fp16,exp,tree,on,8,32,10,1869.0,1455.0,1082.0,14.0,165.0,168.0,22.0,20.0,4.0,21.0,8.0,126.0,190.0,2231.0
scna-fp16,exp,tree,on,8,32,11,1866.0,1447.0,1083.0,14.0,172.0,165.0,23.0,21.0,4.0,20.0,9.0,129.0,191.0,2117.0
scna-fp16,exp,tree,on,8,32,12,1861.0,1450.0,1082.0,14.0,165.0,165.0,22.0,21.0,4.0,20.0,9.0,123.0,191.0,2131.0
scna-fp16,exp,tree,on,8,32,13,1862.0,1445.0,1082.0,14.0,170.0,166.0,23.0,20.0,4.0,20.0,9.0,129.0,190.0,2130.0
scna-fp16,exp,tree,on,8,32,14,1861.0,1446.0,1083.0,14.0,169.0,166.0,22.0,20.0,4.0,20.0,8.0,127.0,191.0,2124.0
scna-fp16,exp,tree,on,8,32,15,1861.0,1445.0,1083.0,14.0,170.0,166.0,22.0,20.0,4.0,20.0,10.0,129.0,190.0,2120.0
scna-fp16,exp,tree,on,8,32,16,1866.0,1448.0,1082.0,15.0,170.0,166.0,22.0,21.0,4.0,20.0,8.0,128.0,191.0,2121.0
scna-fp16,exp,tree,on,8,32,17,1839.0,1433.0,1083.0,14.0,171.0,153.0,23.0,21.0,4.0,20.0,9.0,117.0,191.0,2097.0
scna-fp16,exp,tree,on,8,32,18,1803.0,1432.0,1077.0,14.0,148.0,141.0,22.0,21.0,4.0,21.0,9.0,82.0,190.0,2113.0
scna-fp16,exp,tree,on,8,32,19,1797.0,1431.0,1077.0,15.0,148.0,136.0,22.0,21.0,4.0,20.0,10.0,77.0,191.0,2148.0
scna-fp16,exp,tree,on,8,32,100,1697.0,1379.0,1074.0,15.0,132.0,102.0,23.0,21.0,4.0,21.0,9.0,26.0,191.0,1969.0
scna-fp16,exp,tree,on,8,32,101,1725.0,1378.0,1073.0,14.0,132.0,132.0,23.0,21.0,4.0,21.0,10.0,57.0,191.0,2045.0
scna-fp16,exp,tree,on,8,32,102,1848.0,1444.0,1085.0,14.0,165.0,158.0,22.0,21.0,4.0,20.0,10.0,118.0,190.0,2193.0
scna-fp16,exp,tree,on,8,32,103,1806.0,1434.0,1078.0,14.0,150.0,139.0,23.0,21.0,4.0,21.0,10.0,82.0,190.0,2135.0
scna-fp16,exp,tree,on,8,32,104,1804.0,1435.0,1078.0,14.0,146.0,142.0,22.0,21.0,4.0,20.0,9.0,81.0,191.0,2093.0
scna-fp16,exp,tree,on,8,32,105,1795.0,1428.0,1078.0,14.0,149.0,137.0,22.0,21.0,4.0,20.0,10.0,78.0,190.0,2147.0
scna-fp16,exp,tree,on,8,32,106,1806.0,1444.0,1077.0,14.0,149.0,132.0,22.0,21.0,4.0,20.0,9.0,74.0,191.0,2125.0
scna-fp16,exp,tree,on,8,32,107,1789.0,1428.0,1077.0,14.0,148.0,131.0,23.0,21.0,4.0,20.0,9.0,74.0,191.0,2117.0
scna-fp16,exp,tree,on,8,32,108,1807.0,1438.0,1078.0,14.0,149.0,138.0,22.0,21.0,4.0,21.0,9.0,79.0,190.0,2069.0
scna-fp16,exp,tree,on,8,32,109,1855.0,1445.0,1083.0,14.0,165.0,163.0,23.0,21.0,4.0,20.0,10.0,121.0,191.0,2126.0
scna-fp16,exp,tree,on,8,32,110,1857.0,1443.0,1082.0,14.0,168.0,164.0,23.0,21.0,4.0,20.0,9.0,124.0,190.0,2117.0
scna-fp16,exp,tree,on,8,32,111,1855.0,1443.0,1083.0,14.0,168.0,162.0,23.0,21.0,4.0,20.0,10.0,123.0,190.0,2117.0
scna-fp16,exp,tree,on,8,32,112,1856.0,1443.0,1083.0,14.0,167.0,163.0,23.0,21.0,4.0,21.0,10.0,123.0,190.0,2118.0
scna-fp16,exp,tree,on,8,32,113,1846.0,1441.0,1083.0,14.0,165.0,158.0,23.0,21.0,4.0,20.0,9.0,116.0,190.0,2151.0
scna-fp16,exp,tree,on,8,32,114,1857.0,1448.0,1083.0,14.0,167.0,160.0,23.0,21.0,4.0,20.0,9.0,119.0,191.0,2114.0
scna-fp16,exp,tree,on,8,32,115,1853.0,1442.0,1082.0,14.0,166.0,163.0,23.0,21.0,4.0,20.0,10.0,122.0,191.0,2128.0
scna-fp16,exp,tree,on,8,32,116,1855.0,1450.0,1083.0,14.0,163.0,161.0,22.0,21.0,4.0,20.0,9.0,116.0,191.0,2121.0
scna-fp16,exp,tree,on,8,32,117,1842.0,1440.0,1083.0,15.0,165.0,153.0,24.0,21.0,4.0,20.0,10.0,111.0,191.0,2125.0
scna-fp16,exp,tree,on,8,32,118,1852.0,1443.0,1083.0,15.0,165.0,161.0,23.0,21.0,4.0,20.0,9.0,118.0,191.0,2118.0
scna-fp16,exp,tree,on,8,32,119,1842.0,1444.0,1081.0,14.0,161.0,154.0,23.0,21.0,4.0,21.0,10.0,107.0,191.0,2160.0
