mode,qo_len,scna_width,nonlinear_mode,samples,total_median_us,total_p50_us,total_p95_us,host_median_us,host_p50_us,host_p95_us,micro_elapsed_us,micro_pair_elapsed_us,micro_rmse,micro_max_abs_error,micro_dense_samples,micro_dense_rmse,micro_dense_max_abs_error,micro_pair_max_abs_diff,micro_monotonic_violations,micro_negative_count,micro_nan_count,safe_sm_median_us,scna_exp_median_us,q_load_median_us,k_load_median_us,v_load_median_us,qk_dot_median_us,core_acc_median_us
baseline,16,0,0,20,1335.5,1335.5,1475.1,1692.5,1692.5,1768.5,0.0,0.0,0.0,0.0,0.0,0.0,0.0,0.0,0.0,0.0,0.0,629.0,0.0,8.0,343.0,330.0,12.0,10.0
baseline,32,0,0,20,2055.0,2055.0,2071.2,2364.0,2364.0,2456.65,0.0,0.0,0.0,0.0,0.0,0.0,0.0,0.0,0.0,0.0,0.0,1270.0,0.0,15.0,361.0,338.5,24.0,21.0
baseline,4,0,0,20,877.0,877.0,973.0,1210.5,1210.5,1256.3,0.0,0.0,0.0,0.0,0.0,0.0,0.0,0.0,0.0,0.0,0.0,175.5,0.0,2.0,372.5,320.0,4.0,1.0
baseline,8,0,0,20,1019.5,1019.5,1160.0,1361.5,1361.5,1495.35,0.0,0.0,0.0,0.0,0.0,0.0,0.0,0.0,0.0,0.0,0.0,319.0,0.0,4.0,351.0,328.5,8.0,5.0
lut-exp,16,0,0,20,1017.0,1017.0,1137.25,1360.5,1360.5,1459.25,0.0,0.0,0.0,0.0,0.0,0.0,0.0,0.0,0.0,0.0,0.0,338.0,0.0,8.0,314.5,316.5,12.0,11.0
lut-exp,32,0,0,20,1443.0,1443.0,1492.35,1751.5,1751.5,1881.5,0.0,0.0,0.0,0.0,0.0,0.0,0.0,0.0,0.0,0.0,0.0,683.0,0.0,15.0,313.5,331.0,25.0,22.0
lut-exp,4,0,0,20,700.5,700.5,752.1,966.0,966.0,1084.05,0.0,0.0,0.0,0.0,0.0,0.0,0.0,0.0,0.0,0.0,0.0,86.0,0.0,2.0,303.5,296.5,4.0,1.0
lut-exp,8,0,0,20,848.5,848.5,910.1,1133.0,1133.0,1201.4,0.0,0.0,0.0,0.0,0.0,0.0,0.0,0.0,0.0,0.0,0.0,170.0,0.0,4.0,327.0,325.0,8.0,7.0
scna-fp16,16,16,1,20,1761.5,1761.5,1882.15,2112.5,2112.5,2236.35,71.0,94.0,0.000378106,0.00301601,1024.0,0.0102877,0.0485036,0.0,0.0,0.0,0.0,1059.0,856.0,8.0,357.5,361.0,12.0,13.0
scna-fp16,16,32,1,20,2420.5,2420.5,2427.15,2749.5,2749.5,2815.5,117.0,183.0,8.59679e-05,0.000488281,1024.0,0.00245267,0.0138602,0.0,0.0,0.0,0.0,1609.0,1420.0,8.0,408.0,355.0,12.0,13.0
scna-fp16,16,8,1,20,1630.5,1630.5,1650.05,1896.0,1896.0,2004.55,40.0,54.0,0.00231996,0.0185189,1024.0,0.0427402,0.152682,0.0,0.0,0.0,0.0,809.5,612.0,8.0,414.5,363.5,12.0,10.0
scna-fp16,32,16,1,20,2889.5,2889.5,2904.05,3222.0,3222.0,3303.65,71.0,94.0,0.000378106,0.00301601,1024.0,0.0102877,0.0485036,0.0,0.0,0.0,0.0,2065.5,1687.0,14.0,388.0,353.0,24.0,24.0
scna-fp16,32,32,1,20,3986.0,3986.0,4003.05,4345.5,4345.5,4377.2,117.0,183.0,8.59679e-05,0.000488281,1024.0,0.00245267,0.0138602,0.0,0.0,0.0,0.0,3189.0,2822.0,15.0,373.0,337.0,24.0,26.0
scna-fp16,32,8,1,20,2458.0,2458.0,2488.4,2773.5,2773.5,2870.2,40.0,54.0,0.00231996,0.0185189,1024.0,0.0427402,0.152682,0.0,0.0,0.0,0.0,1600.5,1208.0,15.0,423.5,348.0,24.0,22.0
scna-fp16,4,16,1,20,908.5,908.5,1034.05,1171.5,1171.5,1352.35,71.0,94.0,0.000378106,0.00301601,1024.0,0.0102877,0.0485036,0.0,0.0,0.0,0.0,264.0,218.0,2.0,330.0,325.5,4.0,2.0
scna-fp16,4,32,1,20,1012.5,1012.5,1137.0,1347.0,1347.0,1455.3,117.0,183.0,8.59679e-05,0.000488281,1024.0,0.00245267,0.0138602,0.0,0.0,0.0,0.0,457.5,376.5,2.0,172.0,366.0,4.0,5.0
scna-fp16,4,8,1,20,896.0,896.0,918.4,1159.0,1159.0,1251.1000000000001,40.0,54.0,0.00231996,0.0185189,1024.0,0.0427402,0.152682,0.0,0.0,0.0,0.0,210.5,160.0,2.0,349.0,321.5,4.0,3.0
scna-fp16,8,16,1,20,1157.5,1157.5,1165.05,1428.5,1428.5,1532.2,71.0,94.0,0.000378106,0.00301601,1024.0,0.0102877,0.0485036,0.0,0.0,0.0,0.0,572.0,443.5,4.0,185.0,372.0,9.0,9.0
scna-fp16,8,32,1,20,1482.0,1482.0,1543.2,1773.5,1773.5,1853.1000000000001,117.0,183.0,8.59679e-05,0.000488281,1024.0,0.00245267,0.0138602,0.0,0.0,0.0,0.0,807.0,715.0,4.0,338.0,312.0,8.0,9.0
scna-fp16,8,8,1,20,1042.5,1042.5,1123.7,1373.5,1373.5,1415.9,40.0,54.0,0.00231996,0.0185189,1024.0,0.0427402,0.152682,0.0,0.0,0.0,0.0,439.0,317.5,4.0,220.5,368.5,8.0,6.5
scna-int8,16,16,2,20,1737.0,1737.0,1747.1,2021.5,2021.5,2111.2,68.0,82.0,0.00238002,0.0141602,1024.0,0.0147718,0.0867047,0.0,0.0,0.0,0.0,978.5,790.0,7.0,379.0,336.0,12.0,12.0
scna-int8,16,32,2,20,2070.0,2070.0,2079.0,2397.0,2397.0,2426.65,123.0,138.0,0.00256127,0.019043,1024.0,0.00827676,0.058782,0.0,0.0,0.0,0.0,1308.0,1128.0,7.0,381.5,338.0,12.0,14.0
scna-int8,16,8,2,20,1508.5,1508.5,1525.15,1800.5,1800.5,1888.0,46.0,55.0,0.00247369,0.0180307,1024.0,0.0468882,0.182886,0.0,0.0,0.0,0.0,798.0,612.0,7.0,352.0,316.5,12.0,11.0
scna-int8,32,16,2,20,2733.5,2733.5,2749.2,3041.0,3041.0,3087.5,68.0,82.0,0.00238002,0.0141602,1024.0,0.0147718,0.0867047,0.0,0.0,0.0,0.0,1931.0,1563.5,15.0,379.0,342.0,24.0,25.0
scna-int8,32,32,2,20,3414.0,3414.0,3421.1,3739.5,3739.5,3810.45,123.0,138.0,0.00256127,0.019043,1024.0,0.00827676,0.058782,0.0,0.0,0.0,0.0,2605.0,2237.0,15.0,383.0,339.5,24.0,25.0
scna-int8,32,8,2,20,2364.0,2364.0,2372.05,2674.5,2674.5,2736.85,46.0,55.0,0.00247369,0.0180307,1024.0,0.0468882,0.182886,0.0,0.0,0.0,0.0,1585.5,1215.0,15.0,360.0,332.0,24.0,23.0
scna-int8,4,16,2,20,862.5,862.5,882.15,1123.0,1123.0,1160.95,68.0,82.0,0.00238002,0.0141602,1024.0,0.0147718,0.0867047,0.0,0.0,0.0,0.0,246.5,203.0,2.0,308.5,287.5,4.0,3.5
scna-int8,4,32,2,20,1006.0,1006.0,1040.25,1309.0,1309.0,1358.2,123.0,138.0,0.00256127,0.019043,1024.0,0.00827676,0.058782,0.0,0.0,0.0,0.0,334.0,290.0,2.0,328.0,326.0,4.0,5.0
scna-int8,4,8,2,20,874.5,874.5,917.15,1141.5,1141.5,1218.2,46.0,55.0,0.00247369,0.0180307,1024.0,0.0468882,0.182886,0.0,0.0,0.0,0.0,212.5,162.0,2.0,339.0,316.0,4.0,2.0
scna-int8,8,16,2,20,1218.0,1218.0,1235.1,1560.0,1560.0,1588.15,68.0,82.0,0.00238002,0.0141602,1024.0,0.0147718,0.0867047,0.0,0.0,0.0,0.0,497.0,400.0,4.0,364.5,331.0,8.0,7.0
scna-int8,8,32,2,20,1362.5,1362.5,1403.05,1638.5,1638.5,1748.4,123.0,138.0,0.00256127,0.019043,1024.0,0.00827676,0.058782,0.0,0.0,0.0,0.0,661.0,572.0,4.0,355.5,321.0,8.0,9.0
scna-int8,8,8,2,20,1094.0,1094.0,1129.1,1398.0,1398.0,1468.25,46.0,55.0,0.00247369,0.0180307,1024.0,0.0468882,0.182886,0.0,0.0,0.0,0.0,402.0,311.5,4.0,345.5,324.0,8.0,6.0
